Date,ROA,CFO,Delta ROA,Quality of Earnings,Delta Leverage,Delta Liquidity,New Equity,Gross Margin,Asset Turnover,Piotroski Score,Ticker
2022-12-31,1,1,0,1,0,0,1,0,0,4,MMM
2023-03-31,1,1,1,1,1,0,1,0,0,6,MMM
2023-06-30,0,1,0,1,1,1,1,1,0,6,MMM
2023-09-30,0,1,1,1,1,0,1,1,0,6,MMM
2022-12-31,0,1,0,1,0,1,1,1,1,6,AOS
2023-03-31,1,1,1,0,1,1,1,1,1,8,AOS
2023-06-30,1,1,1,0,1,0,1,1,1,7,AOS
2023-09-30,1,1,0,1,1,0,1,0,0,5,AOS
2022-12-31,1,1,0,1,1,0,0,0,0,4,ABT
2023-03-31,1,1,1,0,0,1,1,1,0,6,ABT
2023-06-30,1,1,1,0,0,0,0,0,1,4,ABT
2022-12-31,1,1,0,1,1,1,1,1,1,8,ABBV
2023-03-31,1,1,0,1,0,0,1,0,0,4,ABBV
2023-06-30,1,1,1,1,1,0,1,1,1,8,ABBV
2023-09-30,1,1,0,1,1,1,1,0,0,6,ABBV
2023-02-28,1,1,0,1,1,1,1,0,0,6,ACN
2023-05-31,1,1,1,1,1,1,1,1,0,8,ACN
2023-08-31,1,1,0,1,1,0,1,0,0,5,ACN
2022-12-31,1,1,1,0,0,1,0,0,1,5,ADM
2023-03-31,1,0,1,0,1,0,1,1,0,5,ADM
2023-06-30,1,1,0,1,0,1,0,0,1,5,ADM
2023-09-30,1,1,0,1,1,1,0,1,0,6,ADM
2023-02-28,1,1,1,1,0,1,1,1,1,8,ADBE
2023-05-31,1,1,0,1,1,1,1,1,0,7,ADBE
2023-08-31,1,1,1,1,1,1,1,1,0,8,ADBE
2022-12-31,1,1,0,1,1,1,1,1,0,7,ADP
2023-03-31,1,1,1,1,1,1,1,1,1,9,ADP
2023-06-30,1,1,0,1,0,0,1,0,1,5,ADP
2023-09-30,1,1,1,0,0,0,1,1,1,6,ADP
2022-12-31,0,1,0,1,0,0,1,0,0,3,AES
2023-03-31,1,1,1,1,0,0,1,0,1,6,AES
2023-06-30,0,1,0,1,1,0,1,0,0,4,AES
2023-09-30,1,1,1,1,1,0,1,1,1,8,AES
2023-01-31,1,1,0,0,1,1,1,1,0,6,A
2023-04-30,1,1,0,1,0,1,1,0,0,5,A
2023-07-31,1,1,0,1,0,0,1,0,0,4,A
2023-10-31,1,1,1,1,1,1,1,1,1,9,A
2022-12-31,1,1,0,1,0,1,1,0,0,5,ABNB
2023-03-31,1,1,0,1,1,0,1,0,0,5,ABNB
2023-06-30,1,1,1,1,1,0,1,1,1,8,ABNB
2023-09-30,1,1,1,0,1,1,1,1,1,8,ABNB
2022-12-31,1,1,0,1,0,1,1,1,0,6,APD
2023-03-31,1,1,0,1,0,1,1,1,0,6,APD
2023-06-30,1,1,1,1,1,0,1,1,0,7,APD
2023-09-30,1,1,1,1,0,0,1,0,1,6,APD
2022-12-31,1,1,1,1,1,1,1,1,1,9,AKAM
2023-03-31,1,1,0,1,0,0,0,0,1,4,AKAM
2023-06-30,1,1,1,1,1,0,0,0,1,6,AKAM
2023-09-30,1,1,1,1,0,1,0,1,0,6,AKAM
2022-12-31,1,1,0,0,0,0,1,0,0,3,ALK
2023-03-31,0,1,0,1,1,0,1,0,0,4,ALK
2023-06-30,1,1,1,1,0,0,1,1,1,7,ALK
2023-09-30,1,1,0,1,0,1,1,0,0,5,ALK
2022-12-31,1,1,1,0,1,1,0,0,1,6,ALB
2023-03-31,1,1,0,0,1,1,0,1,0,5,ALB
2023-06-30,1,1,0,0,1,0,0,0,0,3,ALB
2023-09-30,1,1,0,1,0,1,1,0,0,5,ALB
2022-12-31,1,1,0,1,1,0,0,1,0,5,ARE
2023-03-31,1,1,1,1,0,1,0,1,1,7,ARE
2023-06-30,1,1,1,1,0,1,1,0,1,7,ARE
2023-09-30,1,1,0,1,1,0,0,0,1,5,ARE
2022-12-31,1,1,1,1,1,0,1,1,0,7,ALLE
2023-03-31,1,1,0,0,1,1,1,1,1,7,ALLE
2023-06-30,1,1,1,1,1,1,1,1,0,8,ALLE
2023-09-30,1,1,1,0,1,1,1,0,1,7,ALLE
2022-12-31,1,1,0,0,0,0,1,0,0,3,LNT
2023-03-31,1,1,1,1,0,1,1,1,1,8,LNT
2023-06-30,1,1,0,0,1,0,1,1,0,5,LNT
2023-09-30,1,1,1,1,0,1,0,1,1,7,LNT
2022-12-31,1,1,0,1,1,0,0,0,1,5,GOOGL
2023-03-31,1,1,1,1,1,0,0,1,0,6,GOOGL
2023-06-30,1,1,1,1,1,0,0,1,1,7,GOOGL
2023-09-30,1,1,1,1,1,0,0,0,0,5,GOOGL
2022-12-31,1,1,0,1,1,0,0,0,1,5,GOOG
2023-03-31,1,1,1,1,1,0,0,1,0,6,GOOG
2023-06-30,1,1,1,1,1,0,0,1,1,7,GOOG
2023-09-30,1,1,1,1,1,0,0,0,0,5,GOOG
2022-12-31,1,1,1,0,1,1,1,1,0,7,MO
2023-03-31,1,1,0,1,1,0,1,1,0,6,MO
2023-06-30,1,1,1,0,1,0,1,0,1,6,MO
2023-09-30,1,1,1,1,0,0,1,1,0,6,MO
2022-12-31,1,1,0,1,0,1,0,0,1,5,AMZN
2023-03-31,1,1,1,1,1,0,1,1,0,7,AMZN
2023-06-30,1,1,1,1,1,1,1,1,1,9,AMZN
2023-09-30,1,1,1,1,1,1,1,1,1,9,AMZN
2022-12-31,1,1,1,0,1,1,1,1,0,7,AMCR
2023-03-31,1,1,0,1,0,0,1,1,1,6,AMCR
2023-06-30,1,1,1,1,1,0,1,1,1,8,AMCR
2023-09-30,1,0,0,0,0,1,1,0,0,3,AMCR
2022-12-31,1,1,0,1,0,1,1,1,1,7,AMD
2023-03-31,0,1,0,1,1,1,1,1,0,6,AMD
2023-06-30,1,1,1,1,1,0,1,1,0,7,AMD
2023-09-30,1,1,1,1,0,1,0,1,1,7,AMD
2022-12-31,1,1,0,1,0,0,1,0,0,4,AEE
2023-03-31,1,1,1,1,0,0,1,1,1,7,AEE
2023-06-30,1,1,0,1,1,0,1,1,0,6,AEE
2023-09-30,1,1,1,1,1,0,1,1,1,8,AEE
2022-12-31,1,0,1,0,1,0,1,1,1,6,AAL
2023-03-31,1,1,0,1,1,1,0,0,0,5,AAL
2023-06-30,1,1,1,1,1,1,1,1,1,9,AAL
2023-09-30,0,1,0,1,1,0,1,0,0,4,AAL
2022-12-31,1,1,0,1,1,0,0,0,0,4,AEP
2023-03-31,1,1,1,1,0,0,0,1,0,5,AEP
2023-06-30,1,1,1,1,1,0,0,1,0,6,AEP
2023-09-30,1,1,1,1,0,0,0,1,1,6,AEP
2022-12-31,0,1,0,1,1,0,1,1,1,6,AMT
2023-03-31,1,1,1,1,0,1,1,1,1,8,AMT
2023-06-30,1,1,1,1,0,1,1,0,1,7,AMT
2023-09-30,1,1,1,1,0,1,1,1,1,8,AMT
2022-12-31,1,1,0,1,1,0,1,0,0,5,AWK
2023-03-31,1,1,1,1,1,1,1,1,0,8,AWK
2023-06-30,1,1,1,1,0,1,1,1,1,8,AWK
2023-09-30,1,1,1,1,1,0,1,1,1,8,AWK
2022-12-31,1,1,0,1,0,1,0,0,1,5,AME
2023-03-31,1,1,0,1,1,1,0,1,0,6,AME
2023-06-30,1,1,1,1,1,1,0,1,1,8,AME
2023-09-30,1,0,1,0,1,0,0,1,0,4,AME
2022-12-31,1,1,0,1,1,0,0,0,1,5,AMGN
2023-03-31,1,1,1,0,0,1,0,0,0,4,AMGN
2023-06-30,1,1,0,1,1,0,0,1,1,6,AMGN
2023-09-30,1,1,1,1,1,1,0,0,0,6,AMGN
2022-12-31,1,1,1,1,1,1,1,0,0,7,APH
2023-03-31,1,1,0,1,1,1,1,0,0,6,APH
2023-06-30,1,1,1,1,1,0,1,1,1,8,APH
2023-09-30,1,1,1,1,1,0,1,1,1,8,APH
2023-01-31,1,1,1,1,0,1,1,0,1,7,ADI
2023-04-30,1,1,1,1,0,0,1,1,1,7,ADI
2023-07-31,1,1,0,1,1,0,1,0,0,5,ADI
2023-10-31,1,1,0,1,1,0,1,0,0,5,ADI
2022-12-31,1,1,1,0,1,1,1,1,1,8,ANSS
2023-03-31,1,1,0,1,0,0,1,0,0,4,ANSS
2023-06-30,1,1,0,0,1,1,1,0,0,5,ANSS
2023-09-30,1,0,0,0,1,1,0,0,0,3,ANSS
2022-12-31,1,1,1,1,1,0,1,1,1,8,AON
2023-03-31,1,1,1,0,0,1,1,1,1,7,AON
2023-06-30,1,1,0,1,1,0,1,0,0,5,AON
2023-09-30,1,1,0,1,0,0,1,0,1,5,AON
2022-12-31,1,1,1,1,0,0,1,1,0,6,APA
2023-03-31,1,1,0,1,0,1,0,0,0,4,APA
2023-06-30,1,1,1,1,1,0,1,0,0,6,APA
2023-09-30,1,1,1,1,1,1,0,1,1,8,APA
2022-12-31,1,1,1,1,0,1,0,1,1,7,AAPL
2023-03-31,1,1,0,1,0,1,0,1,0,5,AAPL
2023-06-30,1,1,0,1,0,1,0,1,0,5,AAPL
2023-09-30,1,1,1,0,1,1,0,1,1,7,AAPL
2023-01-31,1,1,1,1,1,1,1,1,0,8,AMAT
2023-04-30,1,1,0,1,1,0,1,0,0,5,AMAT
2023-07-31,1,1,0,1,1,1,1,0,0,6,AMAT
2023-10-31,1,1,1,0,1,1,0,1,1,7,AMAT
2022-12-31,1,1,0,1,1,0,1,1,0,6,APTV
2023-03-31,1,0,0,0,0,1,1,0,1,4,APTV
2023-06-30,1,1,1,1,1,1,1,1,1,9,APTV
2023-09-30,1,1,1,0,1,1,1,1,0,7,APTV
2022-12-31,1,1,0,1,1,0,0,0,0,4,AJG
2023-03-31,1,1,1,0,1,1,0,1,1,7,AJG
2023-06-30,1,1,0,0,1,0,0,0,0,3,AJG
2023-09-30,1,1,1,1,0,1,0,1,1,7,AJG
2022-12-31,0,1,0,1,0,0,1,0,1,4,T
2023-03-31,1,1,1,1,1,0,1,1,0,7,T
2023-06-30,1,1,1,1,0,1,1,1,0,7,T
2023-09-30,1,1,0,1,1,1,1,0,1,7,T
2022-12-31,1,1,1,0,0,1,0,0,1,5,ATO
2023-03-31,1,1,1,1,0,0,0,1,1,6,ATO
2023-06-30,1,1,0,1,1,0,0,1,0,5,ATO
2023-09-30,1,1,0,1,1,0,0,1,0,5,ATO
2023-01-31,1,1,1,1,1,1,0,0,0,6,ADSK
2023-04-30,1,1,0,1,0,0,0,0,1,4,ADSK
2023-07-31,1,1,1,0,1,1,0,1,1,7,ADSK
2023-10-31,1,1,1,0,1,1,0,1,1,7,ADSK
2023-02-28,1,1,0,0,0,1,1,1,0,5,AZO
2023-04-30,1,0,1,0,0,1,0,1,1,5,AZO
2023-05-31,1,1,0,1,0,0,1,0,0,4,AZO
2023-08-31,1,1,1,1,0,1,1,1,1,8,AZO
2022-12-31,1,1,0,1,0,1,0,1,0,5,AVB
2023-03-31,1,1,0,1,1,0,0,0,1,5,AVB
2023-06-30,1,1,1,0,1,0,0,1,0,5,AVB
2023-09-30,1,0,0,0,1,0,0,0,1,3,AVB
2022-12-31,1,1,0,1,0,0,1,0,0,4,AVY
2023-03-31,1,1,0,0,0,1,1,1,0,5,AVY
2023-06-30,1,1,0,1,1,0,1,1,1,7,AVY
2023-09-30,1,1,1,1,1,0,1,1,1,8,AVY
2022-12-31,1,1,1,1,0,1,1,0,0,6,AXON
2023-03-31,1,0,1,0,1,1,1,0,0,5,AXON
2023-06-30,1,1,0,1,1,1,1,1,1,8,AXON
2023-09-30,1,1,1,1,1,0,1,0,1,7,AXON
2022-12-31,1,1,1,1,1,0,1,1,1,8,BKR
2023-03-31,1,1,1,0,1,0,1,0,0,5,BKR
2023-06-30,1,1,0,1,1,1,1,1,1,8,BKR
2023-09-30,1,1,1,1,1,0,1,0,1,7,BKR
2022-12-31,1,1,0,1,1,0,0,0,0,4,BALL
2023-03-31,1,0,1,0,1,0,0,1,0,4,BALL
2023-06-30,1,1,0,1,0,1,0,0,1,5,BALL
2023-09-30,1,1,1,1,0,1,0,1,1,7,BALL
2023-01-31,1,1,1,1,1,1,1,1,1,9,BBWI
2023-04-30,1,1,0,0,0,0,1,0,0,3,BBWI
2023-07-31,1,1,1,0,0,0,1,0,1,5,BBWI
2023-10-31,1,0,1,0,1,0,0,1,0,4,BBWI
2022-12-31,1,1,1,1,1,0,1,1,1,8,BAX
2023-03-31,1,1,0,1,0,1,1,0,0,5,BAX
2023-06-30,0,1,0,1,1,0,1,0,1,5,BAX
2023-09-30,1,1,1,0,1,1,1,1,0,7,BAX
2022-12-31,1,1,1,0,0,1,1,1,0,6,BDX
2023-03-31,1,1,0,0,0,1,1,0,1,5,BDX
2023-06-30,1,1,0,1,1,0,0,0,1,5,BDX
2023-09-30,1,1,0,1,1,1,0,0,1,6,BDX
2023-01-31,1,1,1,1,0,1,1,0,1,7,BBY
2023-04-30,1,0,0,0,0,1,1,1,0,4,BBY
2023-07-31,1,1,1,1,1,1,1,1,0,8,BBY
2023-10-31,1,1,0,0,1,1,0,0,0,4,BBY
2022-12-31,1,1,1,0,1,1,1,0,0,6,BIO
2023-03-31,1,1,0,1,1,1,1,0,0,6,BIO
2023-06-30,0,1,0,1,0,0,1,0,1,4,BIO
2023-09-30,1,1,1,0,0,1,1,0,0,5,BIO
2022-12-31,1,1,0,1,1,1,0,1,1,7,TECH
2023-03-31,1,1,1,0,0,0,0,1,0,4,TECH
2023-06-30,1,1,1,1,1,1,0,0,1,7,TECH
2023-09-30,1,1,0,1,0,0,0,0,0,3,TECH
2022-12-31,1,0,0,0,0,1,1,0,1,4,BIIB
2023-03-31,1,1,0,1,1,1,1,0,0,6,BIIB
2023-06-30,1,1,1,0,1,1,1,1,0,7,BIIB
2023-09-30,0,1,0,1,1,0,1,0,0,4,BIIB
2022-12-31,1,1,0,1,1,1,1,1,0,7,BLK
2023-03-31,1,0,0,0,1,1,1,0,0,4,BLK
2023-06-30,1,1,1,0,0,1,1,1,1,7,BLK
2023-09-30,1,1,1,1,0,0,1,1,0,6,BLK
2022-12-31,0,1,1,1,0,0,1,1,1,6,BA
2023-03-31,0,0,1,1,1,0,1,1,0,5,BA
2023-06-30,0,1,1,1,0,1,1,0,1,6,BA
2023-09-30,0,1,0,1,1,0,1,0,0,4,BA
2022-12-31,1,1,0,1,1,0,1,1,0,6,BWA
2023-03-31,1,0,0,0,1,1,1,0,1,5,BWA
2023-06-30,1,1,0,1,1,1,1,1,1,8,BWA
2023-09-30,1,1,0,1,0,1,0,0,0,4,BWA
2022-12-31,1,1,0,1,0,1,1,1,0,6,BXP
2023-03-31,1,1,0,1,0,1,1,0,0,5,BXP
2023-06-30,1,1,1,1,0,1,0,1,0,6,BXP
2023-09-30,0,0,0,0,1,0,1,0,1,3,BXP
2022-12-31,1,1,0,1,0,1,1,0,1,6,BSX
2023-03-31,1,1,1,0,1,0,1,1,1,7,BSX
2023-06-30,1,1,0,1,1,0,1,1,1,7,BSX
2023-09-30,1,1,1,1,1,1,1,0,0,7,BSX
2022-12-31,1,1,1,1,1,0,1,0,1,7,BMY
2023-03-31,1,1,1,1,0,1,1,1,1,8,BMY
2023-06-30,1,1,0,0,1,0,1,0,0,4,BMY
2023-09-30,1,1,0,1,1,0,1,1,1,7,BMY
2023-01-31,1,1,1,1,1,0,1,1,1,8,AVGO
2023-04-30,1,1,0,1,0,0,1,1,0,5,AVGO
2023-07-31,1,1,0,1,0,1,1,0,1,6,AVGO
2022-12-31,1,1,1,1,0,1,1,1,1,8,BR
2023-03-31,1,1,1,0,1,1,1,1,1,8,BR
2023-06-30,1,1,1,1,1,0,1,1,1,8,BR
2023-09-30,1,0,0,0,0,1,1,0,0,3,BR
2022-12-31,1,1,0,1,1,0,1,0,0,5,BRO
2023-03-31,1,1,1,0,0,1,1,1,1,7,BRO
2023-06-30,1,1,0,1,1,1,1,1,0,7,BRO
2023-09-30,1,1,0,1,1,0,0,1,1,6,BRO
2022-12-31,1,0,0,0,0,1,1,0,1,4,BG
2023-03-31,1,1,1,1,0,1,1,1,0,7,BG
2023-06-30,1,0,1,0,0,1,1,1,1,6,BG
2023-09-30,1,1,0,1,1,0,1,0,0,5,BG
2022-12-31,1,1,0,1,1,0,1,0,0,5,CHRW
2023-03-31,1,1,1,1,0,1,0,0,0,5,CHRW
2023-06-30,1,1,0,1,0,1,1,0,0,5,CHRW
2023-09-30,1,1,0,1,0,1,0,1,0,5,CHRW
2022-12-31,1,1,1,1,1,0,0,0,0,5,CDNS
2023-03-31,1,1,0,1,1,1,0,0,1,6,CDNS
2023-06-30,1,1,0,1,0,0,0,1,0,4,CDNS
2023-09-30,1,1,1,1,1,1,0,0,0,6,CDNS
2022-12-31,0,1,0,1,1,0,1,0,0,4,CZR
2023-03-31,0,1,1,1,0,1,1,0,1,6,CZR
2023-06-30,1,1,1,0,1,0,1,1,1,7,CZR
2023-09-30,1,1,0,1,1,0,1,1,1,7,CZR
2022-12-31,1,1,1,1,0,0,1,1,1,7,CPT
2023-03-31,1,1,0,1,0,1,1,0,1,6,CPT
2023-06-30,1,1,1,1,1,0,1,0,1,7,CPT
2023-09-30,1,1,0,1,1,0,1,1,1,7,CPT
2023-01-31,1,1,0,1,0,1,1,0,0,5,CPB
2023-04-30,1,1,0,1,0,1,1,0,0,5,CPB
2023-07-31,1,1,1,1,0,1,1,1,0,7,CPB
2022-12-31,0,1,0,1,1,1,0,0,1,5,CAH
2023-03-31,1,1,1,1,0,0,0,1,1,6,CAH
2023-06-30,0,1,0,1,1,0,1,0,1,5,CAH
2023-09-30,1,1,1,1,1,0,0,0,1,6,CAH
2023-02-28,1,0,1,0,1,1,0,1,0,5,KMX
2023-05-31,1,0,1,0,1,0,0,0,1,4,KMX
2023-08-31,1,1,0,1,1,0,0,0,0,4,KMX
2023-02-28,0,1,1,1,0,0,1,1,1,6,CCL
2023-05-31,0,1,1,1,1,0,1,1,1,7,CCL
2023-08-31,1,1,1,1,1,0,1,1,1,8,CCL
2022-12-31,1,1,0,1,1,1,1,0,0,6,CARR
2023-03-31,1,1,1,0,1,1,1,1,1,8,CARR
2023-06-30,1,1,0,1,1,0,1,1,1,7,CARR
2023-09-30,1,1,1,1,1,1,1,1,0,8,CARR
2022-12-31,1,1,1,1,1,0,1,1,1,8,CTLT
2023-03-31,0,0,0,1,0,0,1,0,0,2,CTLT
2023-06-30,0,1,1,1,0,0,0,1,1,5,CTLT
2023-09-30,0,0,0,1,0,0,0,0,0,1,CTLT
2022-12-31,1,1,0,1,1,0,0,0,1,5,CAT
2023-03-31,1,1,1,0,1,1,1,1,0,7,CAT
2023-06-30,1,1,1,1,1,0,1,0,1,7,CAT
2023-09-30,1,1,0,1,0,1,0,1,0,5,CAT
2022-12-31,1,0,1,0,1,0,1,1,1,6,CBOE
2023-03-31,1,1,0,1,1,1,1,1,0,7,CBOE
2023-06-30,1,0,1,0,0,1,1,1,1,6,CBOE
2023-09-30,1,1,1,1,1,1,1,1,0,8,CBOE
2022-12-31,1,1,0,1,0,0,1,0,1,5,CBRE
2023-03-31,1,0,1,0,1,0,1,0,0,4,CBRE
2023-06-30,1,0,1,0,0,1,0,1,1,5,CBRE
2023-09-30,1,1,0,1,0,1,1,0,1,6,CBRE
2022-12-31,1,1,0,0,1,1,1,1,0,6,CDW
2023-03-31,1,1,0,1,0,0,1,0,0,4,CDW
2023-06-30,1,1,1,0,1,0,1,0,1,6,CDW
2023-09-30,1,0,1,0,1,1,0,1,1,6,CDW
2022-12-31,1,1,1,0,1,0,1,0,0,5,CE
2023-03-31,1,0,0,0,0,1,1,1,1,5,CE
2023-06-30,1,1,1,1,1,0,1,1,0,7,CE
2023-09-30,1,0,1,0,1,1,1,1,0,6,CE
2022-12-31,1,1,1,1,1,0,0,1,1,7,COR
2023-03-31,1,1,0,1,1,0,0,1,0,5,COR
2023-06-30,1,1,1,1,1,0,0,0,1,6,COR
2023-09-30,1,1,0,1,1,1,0,0,1,6,COR
2022-12-31,0,0,0,0,0,0,1,0,1,2,CNC
2023-03-31,1,1,1,1,1,1,1,1,1,9,CNC
2023-06-30,1,1,0,1,1,1,1,1,0,7,CNC
2023-09-30,1,1,0,1,1,1,1,0,0,6,CNC
2022-12-31,1,1,0,1,0,1,0,0,1,5,CNP
2023-03-31,1,1,1,1,0,1,1,1,1,8,CNP
2023-06-30,1,1,0,1,0,0,1,1,0,5,CNP
2023-09-30,1,1,1,1,0,0,1,1,0,6,CNP
2022-12-31,0,1,1,1,0,1,1,1,1,7,CDAY
2023-03-31,1,1,1,1,1,0,0,1,0,6,CDAY
2023-06-30,1,1,0,1,0,1,1,0,1,6,CDAY
2023-09-30,0,1,0,1,1,0,1,0,0,4,CDAY
2022-12-31,1,1,1,0,1,1,1,1,1,8,CF
2023-03-31,1,1,0,1,1,1,1,0,0,6,CF
2023-06-30,1,1,0,1,1,1,1,1,0,7,CF
2023-09-30,1,1,0,1,1,0,0,0,0,4,CF
2022-12-31,1,1,1,1,1,0,1,0,1,7,CRL
2023-03-31,1,1,0,1,0,1,0,1,0,5,CRL
2023-06-30,1,1,0,1,1,1,0,1,1,7,CRL
2023-09-30,1,1,0,1,1,0,0,0,0,4,CRL
2022-12-31,1,1,1,1,0,1,1,0,1,7,CHTR
2023-03-31,1,1,0,1,1,0,1,0,0,5,CHTR
2023-06-30,1,1,1,1,1,0,1,1,0,7,CHTR
2023-09-30,1,1,1,1,1,0,1,0,0,6,CHTR
2022-12-31,1,1,0,1,1,1,1,0,0,6,CVX
2023-03-31,1,1,1,0,1,0,1,1,0,6,CVX
2023-06-30,1,1,0,0,0,1,1,0,0,4,CVX
2023-09-30,1,1,1,0,1,0,1,0,1,6,CVX
2022-12-31,0,1,0,1,0,1,0,1,1,5,CHD
2023-03-31,1,1,1,1,1,1,1,1,1,9,CHD
2023-06-30,1,1,1,1,1,1,1,1,0,8,CHD
2023-09-30,1,1,0,1,1,1,0,1,0,6,CHD
2023-02-28,1,1,1,1,1,1,0,1,1,8,CTAS
2023-05-31,1,1,1,1,1,1,0,1,1,8,CTAS
2023-08-31,1,1,1,0,1,1,0,1,1,7,CTAS
2023-01-31,1,1,1,1,1,0,0,1,0,6,CSCO
2023-04-30,1,1,1,1,1,0,0,1,1,7,CSCO
2023-07-31,1,1,1,1,1,0,0,1,0,6,CSCO
2023-10-31,1,1,0,0,0,1,0,1,0,4,CSCO
2022-12-31,1,1,1,1,0,0,1,1,1,7,CLX
2023-03-31,0,1,0,1,0,1,1,1,1,6,CLX
2023-06-30,1,1,1,1,1,1,1,1,1,9,CLX
2023-09-30,1,1,0,0,1,0,1,0,0,4,CLX
2022-12-31,1,1,0,1,0,0,1,0,1,5,CME
2023-03-31,1,1,1,1,0,1,1,1,1,8,CME
2023-06-30,1,1,0,0,0,1,1,0,1,5,CME
2023-09-30,1,0,1,0,0,1,0,0,1,4,CME
2022-12-31,1,1,1,0,0,1,0,1,1,6,CMS
2023-03-31,1,1,1,1,0,1,0,1,1,7,CMS
2023-06-30,1,1,0,1,0,0,0,1,0,4,CMS
2023-09-30,1,1,0,1,0,1,0,0,1,5,CMS
2022-12-31,1,1,0,1,0,1,1,0,0,5,KO
2023-03-31,1,1,1,0,1,1,1,1,1,8,KO
2023-06-30,1,1,0,1,1,0,1,0,1,6,KO
2023-09-30,1,1,1,1,1,0,1,1,1,8,KO
2022-12-31,1,1,0,1,1,0,1,0,0,5,CTSH
2023-03-31,1,1,1,1,1,1,1,0,0,7,CTSH
2023-06-30,1,1,0,0,1,1,1,0,1,6,CTSH
2023-09-30,1,1,1,1,1,0,1,1,0,7,CTSH
2022-12-31,1,1,0,1,0,1,1,0,1,6,CL
2023-03-31,1,1,1,1,1,0,1,1,1,8,CL
2023-06-30,1,1,1,1,0,0,1,1,1,7,CL
2023-09-30,1,1,1,1,1,0,1,1,1,8,CL
2022-12-31,1,1,1,1,0,0,1,0,1,6,CMCSA
2023-03-31,1,1,1,1,0,0,1,1,0,6,CMCSA
2023-06-30,1,1,1,1,1,1,1,1,1,9,CMCSA
2023-09-30,1,1,0,1,1,0,1,1,0,6,CMCSA
2023-02-28,1,1,0,1,1,1,1,0,0,6,CAG
2023-05-31,1,1,0,1,1,0,1,0,0,5,CAG
2023-08-31,1,1,1,1,0,1,1,1,0,7,CAG
2022-12-31,1,1,0,1,0,0,1,0,0,4,COP
2023-03-31,1,1,0,1,1,0,1,1,0,6,COP
2023-06-30,1,1,0,1,0,1,1,0,0,5,COP
2023-09-30,1,1,1,1,0,1,1,1,1,8,COP
2022-12-31,1,1,0,1,1,1,1,0,0,6,ED
2023-03-31,1,1,1,0,0,1,1,1,1,7,ED
2023-06-30,1,1,0,1,1,0,1,1,0,6,ED
2023-09-30,1,1,1,0,1,0,1,1,1,7,ED
2023-02-28,1,1,0,1,1,0,1,0,0,5,STZ
2023-05-31,1,1,0,1,1,0,1,1,1,7,STZ
2023-08-31,1,1,1,1,1,1,1,1,1,9,STZ
2022-12-31,1,0,1,0,1,0,0,0,1,4,CEG
2023-03-31,1,0,1,0,0,1,1,1,1,6,CEG
2023-06-30,1,0,1,0,0,1,1,1,0,5,CEG
2023-09-30,1,0,0,0,0,1,1,1,1,5,CEG
2023-01-31,1,1,1,1,0,1,1,1,1,8,COO
2023-04-30,1,1,0,1,1,0,1,1,1,7,COO
2023-07-31,1,1,1,1,1,1,1,0,1,8,COO
2023-01-31,1,1,1,0,1,1,1,1,1,8,CPRT
2023-04-30,1,1,1,1,0,1,1,1,0,7,CPRT
2023-07-31,1,1,0,1,1,1,0,0,0,5,CPRT
2023-10-31,1,1,0,1,1,0,1,0,0,5,CPRT
2022-12-31,0,1,0,1,0,0,1,0,0,3,GLW
2023-03-31,1,0,1,0,0,0,0,1,0,3,GLW
2023-06-30,1,1,1,1,0,1,0,0,1,6,GLW
2023-09-30,1,1,0,1,1,1,1,1,0,7,GLW
2022-12-31,0,1,1,1,1,0,1,1,1,7,CTVA
2023-03-31,1,0,1,0,1,0,1,1,1,6,CTVA
2023-06-30,1,1,1,1,0,1,1,1,1,8,CTVA
2023-09-30,0,0,0,1,0,0,1,0,0,2,CTVA
2022-12-31,1,1,1,1,1,0,0,1,1,7,CSGP
2023-03-31,1,1,0,1,1,0,0,0,1,5,CSGP
2023-06-30,1,1,1,1,1,0,0,1,1,7,CSGP
2023-09-30,1,1,0,0,1,1,0,0,1,5,CSGP
2023-01-31,1,0,1,0,1,1,1,1,1,7,COST
2023-02-28,1,1,0,1,0,0,1,0,0,4,COST
2023-05-31,1,1,0,1,0,1,1,0,0,5,COST
2023-08-31,1,1,1,1,1,0,1,1,1,8,COST
2022-12-31,1,1,0,1,0,1,1,0,0,5,CTRA
2023-03-31,1,1,0,1,1,0,1,0,0,5,CTRA
2023-06-30,1,1,0,1,0,1,1,0,0,5,CTRA
2023-09-30,1,1,1,1,1,0,0,1,1,7,CTRA
2022-12-31,1,1,0,1,0,0,1,1,1,6,CCI
2023-03-31,1,1,1,1,0,1,1,1,1,8,CCI
2023-06-30,1,1,1,1,0,0,1,1,1,7,CCI
2023-09-30,1,1,0,1,0,0,1,0,0,4,CCI
2022-12-31,1,1,0,1,0,0,1,0,0,4,CSX
2023-03-31,1,1,0,1,0,0,1,1,1,6,CSX
2023-06-30,1,1,1,1,0,0,1,1,1,7,CSX
2023-09-30,1,1,0,1,1,0,1,0,0,5,CSX
2022-12-31,1,1,1,1,1,0,0,1,1,7,CMI
2023-03-31,1,1,1,0,1,1,1,1,1,8,CMI
2023-06-30,1,1,0,0,0,1,0,1,1,5,CMI
2023-09-30,1,1,0,1,1,1,0,0,0,5,CMI
2022-12-31,1,0,1,0,0,1,0,0,1,4,CVS
2023-03-31,1,1,0,1,0,0,0,0,0,3,CVS
2023-06-30,1,1,0,1,0,0,0,0,0,3,CVS
2023-09-30,1,1,1,1,1,1,0,0,1,7,CVS
2022-12-31,1,1,0,0,1,1,1,0,0,5,DHI
2023-03-31,1,1,0,0,0,1,1,0,1,5,DHI
2023-06-30,1,1,1,0,1,1,1,1,1,8,DHI
2023-09-30,1,1,1,1,1,0,1,1,1,8,DHI
2022-12-31,1,1,1,1,1,1,1,0,1,8,DHR
2023-03-31,1,1,0,1,1,1,1,1,0,7,DHR
2023-06-30,1,1,1,1,0,0,0,0,1,5,DHR
2023-09-30,1,1,0,1,1,1,1,1,0,7,DHR
2023-02-28,1,1,1,1,1,0,1,1,1,8,DRI
2023-05-31,1,1,1,1,1,1,0,1,0,7,DRI
2023-08-31,1,1,0,1,0,0,0,0,0,3,DRI
2022-12-31,1,1,0,1,1,0,1,0,0,5,DVA
2023-03-31,1,1,1,1,1,0,0,0,0,5,DVA
2023-06-30,1,1,1,1,0,1,1,1,1,8,DVA
2023-09-30,1,1,1,1,1,0,1,1,1,8,DVA
2023-01-31,1,0,0,0,0,1,0,1,0,3,DE
2023-04-30,1,1,1,0,1,0,0,1,1,6,DE
2023-07-31,1,1,0,1,0,1,0,1,0,5,DE
2023-10-31,1,1,0,1,0,0,0,0,0,3,DE
2022-12-31,1,1,1,1,1,0,1,1,0,7,DAL
2023-03-31,0,1,0,1,1,0,1,0,0,4,DAL
2023-06-30,1,1,1,1,1,0,1,1,1,8,DAL
2023-09-30,1,1,0,0,1,0,1,0,0,4,DAL
2022-12-31,0,1,1,1,0,1,1,0,1,6,XRAY
2023-03-31,0,0,0,0,0,0,1,1,0,2,XRAY
2023-06-30,1,1,1,1,0,1,1,1,1,8,XRAY
2023-09-30,0,1,0,1,0,1,1,0,0,4,XRAY
2022-12-31,1,1,0,1,1,1,1,0,0,6,DVN
2023-03-31,1,1,0,1,0,0,1,0,0,4,DVN
2023-06-30,1,1,0,1,0,0,1,0,0,4,DVN
2023-09-30,1,1,1,1,1,0,1,1,1,8,DVN
2022-12-31,1,1,0,1,1,0,1,1,0,6,DXCM
2023-03-31,1,1,0,1,1,1,1,0,0,6,DXCM
2023-06-30,1,1,1,1,0,1,1,1,0,7,DXCM
2023-09-30,1,1,1,1,0,1,1,1,1,8,DXCM
2022-12-31,1,1,0,1,0,1,1,0,0,5,FANG
2023-03-31,1,1,0,1,0,0,1,0,0,4,FANG
2023-06-30,1,1,0,1,1,0,1,0,0,5,FANG
2023-09-30,1,1,1,1,1,1,1,1,1,9,FANG
2022-12-31,1,1,0,1,0,0,0,1,0,4,DLR
2023-03-31,1,1,1,1,0,1,0,0,1,6,DLR
2023-06-30,1,1,1,1,1,1,0,0,1,7,DLR
2023-09-30,1,0,1,0,1,1,0,0,1,5,DLR
2022-12-31,1,0,1,0,0,0,0,1,1,4,DIS
2023-03-31,1,1,0,1,1,1,0,1,0,6,DIS
2023-06-30,0,1,0,1,1,1,0,1,1,6,DIS
2023-09-30,1,1,1,1,1,0,0,0,0,5,DIS
2023-01-31,1,1,1,1,0,1,1,1,1,8,DG
2023-04-30,1,1,0,0,1,1,0,1,0,5,DG
2023-07-31,1,1,0,1,0,1,0,0,1,5,DG
2023-01-31,1,1,1,1,1,1,1,1,1,9,DLTR
2023-04-30,1,1,0,1,1,1,1,0,0,6,DLTR
2023-07-31,1,1,0,0,1,0,1,0,0,4,DLTR
2023-10-31,1,1,1,1,1,0,1,1,0,7,DLTR
2022-12-31,0,1,0,1,0,1,0,0,1,4,D
2023-03-31,1,1,1,1,0,1,0,1,1,7,D
2023-06-30,1,1,0,0,1,0,0,0,0,3,D
2023-09-30,1,1,0,1,1,1,0,1,1,7,D
2022-12-31,1,1,1,0,0,1,1,1,1,7,DPZ
2023-03-31,1,1,0,1,1,1,1,1,0,7,DPZ
2023-06-30,1,1,1,1,0,0,1,1,1,7,DPZ
2023-08-31,1,0,1,0,1,0,1,0,0,4,DPZ
2023-09-30,1,1,0,1,0,0,1,0,0,4,DPZ
2022-12-31,1,1,0,1,0,1,0,1,0,5,DOV
2023-03-31,1,1,0,1,0,1,0,1,0,5,DOV
2023-06-30,1,1,1,0,1,1,0,1,1,7,DOV
2023-09-30,1,1,1,1,0,1,0,1,1,7,DOV
2022-12-31,1,1,0,1,0,1,1,0,0,5,DOW
2023-03-31,0,1,0,1,0,1,1,1,1,6,DOW
2023-06-30,1,1,1,1,0,1,1,1,0,7,DOW
2023-09-30,1,1,0,1,1,0,1,0,0,5,DOW
2022-12-31,1,1,0,1,1,1,0,1,0,6,DTE
2023-03-31,1,1,1,1,0,1,0,1,0,6,DTE
2023-06-30,1,1,0,1,0,1,0,1,0,5,DTE
2023-09-30,1,1,1,1,1,0,0,1,1,7,DTE
2022-12-31,0,1,0,1,0,0,1,0,0,3,DUK
2023-03-31,1,1,1,1,0,1,1,1,1,8,DUK
2023-06-30,0,1,0,1,0,0,1,1,0,4,DUK
2023-09-30,1,1,1,1,0,1,1,1,1,8,DUK
2022-12-31,1,0,1,0,1,1,1,0,0,5,DD
2023-03-31,1,1,0,1,0,1,1,1,0,6,DD
2023-06-30,0,0,0,1,0,0,1,1,1,4,DD
2023-09-30,1,1,1,1,0,0,1,1,1,7,DD
2022-12-31,1,1,0,1,0,0,1,0,0,4,EMN
2023-03-31,1,0,1,0,0,1,1,1,0,5,EMN
2023-06-30,1,1,1,1,0,0,1,1,0,6,EMN
2023-09-30,1,1,0,1,0,1,1,0,0,5,EMN
2022-12-31,1,1,1,1,0,1,1,1,0,7,ETN
2023-03-31,1,1,0,0,0,1,1,1,1,6,ETN
2023-06-30,1,1,1,1,1,1,1,1,1,9,ETN
2023-09-30,1,0,1,0,1,0,0,1,0,4,ETN
2022-12-31,1,1,1,1,0,1,1,1,0,7,EBAY
2023-03-31,1,1,0,1,0,1,1,0,1,6,EBAY
2023-06-30,1,1,0,1,0,0,1,0,1,5,EBAY
2023-09-30,1,1,1,0,1,0,1,1,0,6,EBAY
2022-12-31,1,1,0,1,1,0,0,1,0,5,ECL
2023-03-31,1,1,0,0,1,0,0,0,0,3,ECL
2023-06-30,1,1,1,1,1,1,0,1,1,8,ECL
2023-09-30,1,1,1,1,1,1,0,1,1,8,ECL
2022-12-31,1,1,1,1,0,1,0,1,0,6,EIX
2023-03-31,1,0,0,0,0,1,0,1,0,3,EIX
2023-06-30,1,1,1,1,1,0,0,1,0,6,EIX
2023-09-30,1,1,0,1,1,0,0,0,1,5,EIX
2022-12-31,1,1,1,0,0,0,0,1,1,5,EW
2023-03-31,1,1,0,0,1,0,0,0,1,4,EW
2023-06-30,1,1,0,0,1,1,0,1,1,6,EW
2023-09-30,1,1,1,1,1,1,0,0,0,6,EW
2022-12-31,1,1,0,1,1,0,1,0,0,5,EA
2023-03-31,0,1,0,1,0,0,1,1,0,4,EA
2023-06-30,1,1,1,0,0,1,1,1,1,7,EA
2023-09-30,1,1,0,0,1,1,1,0,0,5,EA
2022-12-31,1,1,1,0,1,0,1,1,1,7,LLY
2023-03-31,1,1,0,1,0,1,1,0,0,5,LLY
2023-06-30,1,1,1,0,1,0,0,1,1,6,LLY
2023-09-30,0,1,0,1,1,0,1,1,1,6,LLY
2022-12-31,1,1,1,0,1,1,1,1,0,7,EMR
2023-03-31,1,1,0,0,0,1,1,0,1,5,EMR
2023-06-30,1,1,1,0,1,1,1,1,0,7,EMR
2023-09-30,1,0,0,0,0,1,1,0,1,4,EMR
2022-12-31,1,1,1,1,1,0,1,1,0,7,ENPH
2023-03-31,1,1,0,1,1,0,1,1,0,6,ENPH
2023-06-30,1,1,1,1,1,0,1,1,0,7,ENPH
2023-09-30,1,1,0,1,1,0,1,1,0,6,ENPH
2022-12-31,1,1,0,1,1,0,0,0,0,4,ETR
2023-03-31,1,1,1,1,0,1,1,1,0,7,ETR
2023-06-30,1,1,1,1,1,0,1,1,0,7,ETR
2023-09-30,1,1,1,1,1,1,1,1,1,9,ETR
2022-12-31,1,1,0,1,1,1,1,0,0,6,EOG
2023-03-31,1,1,0,1,0,1,1,0,0,5,EOG
2023-06-30,1,1,0,1,1,1,1,0,0,6,EOG
2023-09-30,1,1,1,1,1,1,1,1,1,9,EOG
2022-12-31,1,1,0,1,1,1,0,0,0,5,EPAM
2023-03-31,1,1,0,0,0,1,1,0,0,4,EPAM
2023-06-30,1,1,1,0,1,1,1,1,0,7,EPAM
2023-09-30,1,0,0,0,0,0,1,1,0,3,EPAM
2022-12-31,1,1,1,0,0,1,1,0,0,5,EQT
2023-03-31,1,1,0,1,1,1,1,0,0,6,EQT
2023-06-30,0,1,0,1,1,0,0,0,0,3,EQT
2023-09-30,1,1,1,1,0,0,0,1,1,6,EQT
2022-12-31,1,1,0,1,1,1,1,0,0,6,EFX
2023-03-31,1,1,1,1,0,1,1,1,1,8,EFX
2023-06-30,1,1,1,1,0,1,1,0,1,7,EFX
2023-09-30,1,1,1,1,1,0,1,1,0,7,EFX
2022-12-31,1,1,0,1,1,0,1,0,0,5,EQIX
2023-03-31,1,1,1,1,0,1,0,1,1,7,EQIX
2023-06-30,1,1,0,1,1,0,1,0,1,6,EQIX
2023-09-30,1,1,1,1,0,1,1,1,1,8,EQIX
2022-12-31,1,1,0,1,0,1,0,1,1,6,EQR
2023-03-31,1,1,1,1,0,1,0,0,1,6,EQR
2023-06-30,1,1,0,1,1,0,0,1,1,6,EQR
2023-09-30,1,0,1,0,1,0,0,1,1,5,EQR
2022-12-31,1,1,1,0,0,1,1,1,1,7,ESS
2023-03-31,1,1,0,1,0,1,1,0,1,6,ESS
2023-06-30,1,1,0,1,0,0,1,1,1,6,ESS
2023-09-30,1,1,0,1,0,1,1,0,0,5,ESS
2022-12-31,1,1,0,1,1,0,1,0,1,6,EL
2023-03-31,1,1,0,1,1,0,1,0,0,5,EL
2023-06-30,0,1,0,1,0,1,1,0,0,4,EL
2023-09-30,1,0,1,0,0,0,1,1,1,5,EL
2022-12-31,1,1,1,1,1,0,1,1,1,8,ETSY
2023-03-31,1,1,0,0,0,1,1,0,0,4,ETSY
2023-06-30,1,1,0,1,1,1,1,1,0,7,ETSY
2023-09-30,1,1,1,1,0,0,0,1,1,6,ETSY
2022-12-31,1,1,0,1,0,1,0,0,0,4,EVRG
2023-03-31,1,1,1,1,0,0,0,1,1,6,EVRG
2023-06-30,1,1,1,1,1,0,0,1,1,7,EVRG
2023-09-30,1,1,1,1,1,0,0,0,1,6,EVRG
2022-12-31,1,1,0,1,1,0,1,0,0,5,ES
2023-03-31,1,1,1,0,0,1,1,0,1,6,ES
2023-06-30,1,1,0,1,0,0,1,1,0,5,ES
2023-09-30,1,1,1,1,1,0,1,1,1,8,ES
2022-12-31,1,1,0,1,1,0,0,0,0,4,EXC
2023-03-31,1,1,1,0,0,1,0,1,1,6,EXC
2023-06-30,1,1,0,1,0,0,0,0,0,3,EXC
2023-09-30,1,1,1,1,1,0,0,1,1,7,EXC
2022-12-31,1,0,0,0,0,0,1,0,0,2,EXPE
2023-03-31,0,1,0,1,1,1,1,1,0,6,EXPE
2023-06-30,1,1,1,1,1,1,1,1,1,9,EXPE
2023-09-30,1,0,1,0,0,0,1,1,1,5,EXPE
2022-12-31,1,1,0,1,1,0,1,1,0,6,EXR
2023-03-31,1,1,0,1,0,1,0,0,0,4,EXR
2023-06-30,1,1,1,1,1,0,0,1,0,6,EXR
2023-09-30,1,0,0,0,1,1,0,0,0,3,EXR
2022-12-31,1,1,0,1,0,1,1,1,0,6,XOM
2023-03-31,1,1,0,1,1,1,0,0,0,5,XOM
2023-06-30,1,1,0,1,1,1,0,0,0,5,XOM
2023-09-30,1,1,1,1,1,0,0,1,1,7,XOM
2023-02-28,1,1,0,1,1,0,0,0,1,5,FDS
2023-05-31,1,1,1,1,1,0,1,1,1,8,FDS
2023-08-31,1,1,0,1,1,0,0,0,1,5,FDS
2022-12-31,1,1,1,0,1,0,1,1,0,6,FICO
2023-03-31,1,1,1,0,1,1,1,1,1,8,FICO
2023-06-30,1,1,1,0,1,1,1,1,0,7,FICO
2023-09-30,1,1,0,1,0,1,1,0,0,5,FICO
2022-12-31,1,1,0,1,1,0,1,0,0,5,FAST
2023-03-31,1,1,1,1,1,0,1,1,1,8,FAST
2023-06-30,1,1,1,1,0,1,1,0,1,7,FAST
2023-09-30,1,1,0,1,1,1,1,1,0,7,FAST
2022-12-31,1,1,0,0,0,0,0,0,1,3,FRT
2023-03-31,1,1,0,1,0,1,0,1,0,5,FRT
2023-06-30,1,1,1,1,0,0,1,1,1,7,FRT
2023-09-30,1,0,0,0,0,0,0,0,1,2,FRT
2023-02-28,1,1,0,1,0,1,1,1,0,6,FDX
2023-05-31,1,1,1,1,0,1,1,1,0,7,FDX
2023-08-31,1,1,0,1,1,0,1,0,0,5,FDX
2022-12-31,0,1,1,1,1,0,1,1,1,7,FSLR
2023-03-31,1,0,1,0,0,0,1,1,0,4,FSLR
2023-06-30,1,0,1,0,0,1,1,1,1,6,FSLR
2023-09-30,1,1,1,0,1,0,1,1,0,6,FSLR
2022-12-31,0,1,0,1,1,0,1,0,0,4,FE
2023-03-31,1,0,1,0,0,1,1,1,1,6,FE
2023-06-30,1,0,0,0,0,0,1,1,0,3,FE
2023-09-30,1,1,1,1,0,0,1,0,1,6,FE
2022-12-31,0,1,0,1,0,1,1,1,1,6,FIS
2023-03-31,1,1,1,1,0,0,1,0,0,5,FIS
2023-06-30,0,1,0,1,0,0,1,1,1,5,FIS
2023-09-30,0,1,1,1,1,1,1,0,0,6,FIS
2022-12-31,1,1,1,1,1,0,1,1,0,7,FI
2023-03-31,1,1,0,1,0,1,1,0,1,6,FI
2023-06-30,1,1,1,1,0,1,1,1,1,8,FI
2023-09-30,1,1,1,1,1,0,1,1,0,7,FI
2022-12-31,1,1,0,1,0,1,1,0,1,6,FLT
2023-03-31,1,1,0,1,1,1,1,1,0,7,FLT
2023-06-30,1,1,1,1,1,1,1,1,1,9,FLT
2023-09-30,1,1,1,0,1,0,0,1,1,6,FLT
2022-12-31,1,1,1,1,1,1,1,1,1,9,FMC
2023-03-31,1,0,0,0,1,0,1,1,0,4,FMC
2023-06-30,1,1,0,1,0,1,1,0,0,5,FMC
2023-09-30,0,1,0,1,0,1,0,0,1,4,FMC
2022-12-31,1,1,1,0,0,1,1,1,1,7,F
2023-03-31,1,1,1,1,0,0,1,0,0,5,F
2023-06-30,1,1,1,1,1,1,1,1,1,9,F
2023-09-30,1,1,0,1,1,1,1,0,0,6,F
2022-12-31,1,1,1,1,1,1,1,1,0,8,FTNT
2023-03-31,1,1,0,1,1,1,1,0,0,6,FTNT
2023-06-30,1,1,0,1,1,1,1,1,0,7,FTNT
2023-09-30,1,1,1,1,0,0,1,0,1,6,FTNT
2022-12-31,1,1,1,1,1,0,1,1,1,8,FTV
2023-03-31,1,1,0,1,1,1,1,0,0,6,FTV
2023-06-30,1,1,1,1,1,1,1,1,1,9,FTV
2023-09-30,1,1,1,1,0,1,1,1,0,7,FTV
2022-12-31,1,0,0,0,0,0,1,1,0,3,BEN
2023-03-31,1,0,1,0,0,1,0,0,0,3,BEN
2023-06-30,1,1,1,1,0,0,1,1,0,6,BEN
2022-12-31,1,1,1,1,1,0,1,1,1,8,FCX
2023-03-31,1,1,0,1,0,1,0,1,0,5,FCX
2023-06-30,1,1,0,1,1,1,1,0,1,7,FCX
2023-09-30,1,1,1,1,1,0,1,1,1,8,FCX
2022-12-31,1,1,1,0,1,1,1,0,1,7,IT
2023-03-31,1,1,1,0,1,1,1,1,0,7,IT
2023-06-30,1,1,0,1,0,1,1,0,1,6,IT
2022-12-31,1,1,1,1,0,1,1,1,1,8,GEHC
2023-03-31,1,1,0,1,0,1,0,1,0,5,GEHC
2023-06-30,1,0,1,0,0,1,1,1,1,6,GEHC
2023-09-30,1,1,0,1,1,1,1,0,0,6,GEHC
2022-12-31,1,1,1,1,0,0,1,0,1,6,GEN
2023-03-31,1,1,1,0,1,0,1,0,0,5,GEN
2023-06-30,1,1,0,1,1,0,1,1,1,7,GEN
2023-09-30,1,1,0,0,1,1,1,0,0,5,GEN
2022-12-31,1,1,1,1,0,1,1,0,0,6,GNRC
2023-03-31,1,0,0,0,0,1,0,0,0,2,GNRC
2023-06-30,1,1,1,1,1,1,0,1,1,8,GNRC
2023-09-30,1,1,1,1,1,0,1,1,1,8,GNRC
2022-12-31,1,1,1,0,1,1,1,1,1,8,GD
2023-03-31,1,1,0,1,1,1,1,0,0,6,GD
2023-06-30,1,1,1,0,1,0,1,1,1,7,GD
2023-09-30,1,1,1,1,1,1,1,1,1,9,GD
2022-12-31,1,1,1,1,1,1,1,1,0,8,GE
2023-03-31,1,0,1,0,0,1,1,1,0,5,GE
2023-06-30,1,1,0,1,1,1,1,1,1,8,GE
2023-09-30,1,1,1,1,0,0,1,0,1,6,GE
2023-02-28,1,1,0,1,1,0,1,0,0,5,GIS
2023-05-31,1,1,1,1,0,1,1,1,0,7,GIS
2023-08-31,1,1,1,0,0,1,1,1,0,6,GIS
2022-12-31,1,1,0,1,1,0,1,0,1,6,GM
2023-03-31,1,1,1,1,0,0,1,0,0,5,GM
2023-06-30,1,1,1,1,0,1,1,0,1,7,GM
2023-09-30,1,1,1,1,1,0,1,1,0,7,GM
2022-12-31,1,1,0,0,1,0,1,1,0,5,GPC
2023-03-31,1,1,1,0,1,1,1,0,1,7,GPC
2023-06-30,1,1,1,0,1,0,1,1,1,7,GPC
2023-09-30,1,1,1,1,1,1,1,1,0,8,GPC
2022-12-31,1,1,0,1,1,1,1,1,1,8,GILD
2023-03-31,1,1,0,1,0,1,1,0,0,5,GILD
2023-06-30,1,1,1,1,1,0,1,1,1,8,GILD
2023-09-30,1,1,1,0,0,1,0,0,1,5,GILD
2022-12-31,1,1,0,1,1,0,1,0,0,5,GPN
2023-03-31,0,1,0,1,0,1,1,0,0,4,GPN
2023-06-30,1,1,1,1,0,1,1,1,1,8,GPN
2023-09-30,1,1,1,1,1,1,1,1,0,8,GPN
2022-12-31,1,1,1,1,1,0,1,1,1,8,HAL
2023-03-31,1,1,0,0,1,1,1,0,1,6,HAL
2023-06-30,1,1,0,1,1,1,1,1,1,8,HAL
2023-09-30,1,1,1,1,1,1,1,1,0,8,HAL
2022-12-31,0,1,0,1,0,0,1,0,1,4,HAS
2023-03-31,0,1,1,1,0,0,1,1,0,5,HAS
2023-06-30,0,1,0,1,0,0,1,0,1,4,HAS
2023-09-30,0,1,1,1,0,1,1,0,1,6,HAS
2022-12-31,1,1,1,1,1,0,1,0,1,7,HCA
2023-03-31,1,1,0,1,1,0,1,1,1,7,HCA
2023-06-30,1,1,0,1,1,0,1,0,1,6,HCA
2023-09-30,1,1,0,1,1,0,1,1,1,7,HCA
2022-12-31,1,1,0,1,0,1,0,1,1,6,PEAK
2023-03-31,1,1,1,1,0,0,0,0,1,5,PEAK
2023-06-30,1,1,0,1,0,1,0,1,1,6,PEAK
2023-09-30,1,1,1,1,0,0,0,0,1,5,PEAK
2022-12-31,1,1,0,1,0,0,1,0,1,5,HSIC
2023-03-31,1,1,1,0,1,1,1,1,0,7,HSIC
2023-06-30,1,1,1,1,0,0,1,0,0,5,HSIC
2022-12-31,1,1,0,1,0,1,1,1,0,6,HSY
2023-03-31,1,1,1,1,1,1,1,1,1,9,HSY
2023-06-30,1,1,0,0,0,1,1,0,0,4,HSY
2023-09-30,1,1,1,0,1,1,1,0,1,7,HSY
2022-12-31,1,1,1,1,1,0,1,0,0,6,HES
2023-03-31,1,1,0,1,0,0,0,0,0,3,HES
2023-06-30,1,1,0,1,1,0,1,0,0,5,HES
2023-09-30,1,1,1,1,1,0,0,1,1,7,HES
2023-01-31,1,0,1,0,1,0,1,1,1,6,HPE
2023-04-30,1,1,0,1,0,1,1,1,0,6,HPE
2023-07-31,1,1,1,1,0,1,1,0,0,6,HPE
2023-10-31,1,1,1,1,1,0,1,0,1,7,HPE
2022-12-31,1,1,0,1,0,0,1,0,1,5,HLT
2023-03-31,1,1,0,1,0,0,1,1,0,5,HLT
2023-06-30,1,1,1,1,0,0,1,1,1,7,HLT
2023-09-30,1,1,0,1,1,0,1,0,1,6,HLT
2022-12-31,1,1,1,1,1,1,1,1,1,9,HOLX
2023-03-31,1,1,1,0,1,1,1,0,0,6,HOLX
2023-06-30,0,1,0,1,0,1,1,0,0,4,HOLX
2023-09-30,1,1,1,1,1,0,0,1,0,6,HOLX
2023-01-31,1,1,0,1,0,1,1,0,0,5,HD
2023-04-30,1,1,1,1,1,0,1,1,1,8,HD
2023-07-31,1,1,1,1,1,1,1,0,1,8,HD
2023-10-31,1,1,0,1,0,0,0,1,0,4,HD
2022-12-31,1,1,0,1,0,1,1,1,0,6,HON
2023-03-31,1,0,1,0,0,1,1,1,1,6,HON
2023-06-30,1,1,1,0,0,1,1,1,0,6,HON
2023-09-30,1,1,1,1,1,0,1,0,1,7,HON
2023-01-31,1,1,0,0,0,0,0,0,0,2,HRL
2023-04-30,1,1,0,0,1,1,1,0,0,5,HRL
2023-07-31,1,1,0,1,1,0,0,1,0,5,HRL
2023-10-31,1,1,1,1,1,1,0,0,1,7,HRL
2022-12-31,1,1,1,1,1,0,1,1,1,8,HST
2023-03-31,1,1,1,1,0,1,1,1,1,8,HST
2023-06-30,1,1,0,1,1,1,1,1,0,7,HST
2023-09-30,1,0,0,0,0,0,1,0,0,2,HST
2022-12-31,1,1,1,1,1,1,1,1,1,9,HWM
2023-03-31,1,1,1,0,1,1,1,1,1,8,HWM
2023-06-30,1,1,1,1,1,1,1,1,1,9,HWM
2023-09-30,1,1,0,1,1,0,1,1,1,7,HWM
2023-01-31,1,0,1,0,0,0,1,1,0,4,HPQ
2023-04-30,1,1,1,0,1,1,1,1,0,7,HPQ
2023-07-31,1,1,0,1,1,0,0,0,1,5,HPQ
2023-10-31,1,1,1,1,1,1,0,1,1,8,HPQ
2022-12-31,1,1,0,1,1,0,1,0,0,5,HUBB
2023-03-31,1,1,1,0,1,1,1,1,1,8,HUBB
2023-06-30,1,1,1,1,1,1,1,1,1,9,HUBB
2023-09-30,1,1,0,0,1,1,0,0,0,4,HUBB
2022-12-31,1,1,0,1,1,0,1,0,1,6,HII
2023-03-31,1,0,1,0,1,1,1,1,0,6,HII
2023-06-30,1,1,1,0,1,1,1,1,1,8,HII
2023-09-30,1,1,1,1,1,0,1,1,1,8,HII
2022-12-31,1,1,1,1,0,0,0,1,1,6,IBM
2023-03-31,1,1,0,1,0,1,0,0,0,4,IBM
2023-06-30,1,1,1,1,1,0,0,1,1,7,IBM
2023-09-30,1,1,1,1,1,0,0,0,0,5,IBM
2022-12-31,1,1,0,1,0,0,1,0,0,4,IEX
2023-03-31,1,1,1,1,1,1,1,1,1,9,IEX
2023-06-30,1,1,0,1,1,0,1,0,0,5,IEX
2023-09-30,1,1,1,1,1,1,1,0,0,7,IEX
2022-12-31,1,1,0,1,1,1,0,0,0,5,IDXX
2023-03-31,1,1,1,0,1,1,0,1,1,7,IDXX
2023-06-30,1,1,1,0,1,1,0,1,1,7,IDXX
2023-09-30,1,1,0,1,1,1,0,0,0,5,IDXX
2022-12-31,1,1,1,0,0,0,1,1,0,5,ITW
2023-03-31,1,1,0,1,1,0,1,0,0,5,ITW
2023-06-30,1,1,1,1,0,1,1,1,1,8,ITW
2023-09-30,1,1,1,1,1,0,1,1,1,8,ITW
2022-12-31,0,1,1,1,0,1,1,0,0,5,ILMN
2023-03-31,1,1,1,1,0,1,1,0,1,7,ILMN
2023-06-30,0,1,0,1,0,0,1,1,1,5,ILMN
2023-09-30,0,1,0,1,0,1,1,0,1,5,ILMN
2022-12-31,1,1,1,1,1,0,1,1,1,8,IR
2023-03-31,1,1,0,1,1,0,1,1,0,6,IR
2023-06-30,1,1,1,1,1,1,1,1,1,9,IR
2023-09-30,1,1,1,1,1,0,1,1,1,8,IR
2022-12-31,1,1,1,1,1,0,1,1,1,8,PODD
2023-03-31,1,1,1,0,1,0,1,1,0,6,PODD
2023-06-30,1,1,1,1,1,0,1,0,1,7,PODD
2023-09-30,1,0,1,0,1,0,0,1,1,5,PODD
2022-12-31,0,1,0,1,1,0,0,0,0,3,INTC
2023-03-31,0,0,0,1,0,1,0,0,0,2,INTC
2023-06-30,1,1,1,1,1,0,0,1,1,7,INTC
2023-09-30,1,1,0,1,1,0,0,1,1,6,INTC
2022-12-31,1,1,1,1,0,1,1,0,1,7,ICE
2023-03-31,1,1,1,0,0,1,1,1,1,7,ICE
2023-06-30,1,1,1,1,0,1,1,1,1,8,ICE
2023-09-30,1,0,0,0,0,0,1,1,1,4,ICE
2022-12-31,1,1,1,1,1,1,1,0,0,7,IFF
2023-03-31,0,1,0,1,1,0,1,1,1,6,IFF
2023-06-30,1,1,1,1,0,1,1,1,0,7,IFF
2023-09-30,1,1,0,1,0,1,0,1,0,5,IFF
2022-12-31,0,1,0,1,0,0,1,0,0,3,IP
2023-03-31,1,1,1,1,0,1,1,0,0,6,IP
2023-06-30,1,1,1,1,0,1,1,1,0,7,IP
2023-09-30,1,1,0,1,1,1,1,0,0,6,IP
2022-12-31,1,1,1,1,1,0,1,1,1,8,IPG
2023-03-31,1,0,0,0,0,0,0,0,0,1,IPG
2023-06-30,1,0,1,0,1,1,0,1,1,6,IPG
2023-09-30,1,1,0,0,0,1,1,1,1,6,IPG
2023-01-31,1,1,1,1,0,0,0,1,1,6,INTU
2023-04-30,1,1,1,1,1,1,0,1,1,8,INTU
2023-07-31,1,1,0,1,0,0,1,0,0,4,INTU
2023-10-31,1,0,1,0,1,0,1,1,1,6,INTU
2022-12-31,1,1,1,1,1,1,1,0,0,7,IVZ
2023-03-31,1,0,0,0,0,0,1,0,0,2,IVZ
2023-06-30,1,1,0,1,0,1,1,0,1,6,IVZ
2023-09-30,1,1,0,1,0,1,0,1,1,6,IVZ
2022-12-31,1,1,1,1,0,1,1,0,1,7,INVH
2023-03-31,1,1,1,1,0,1,0,1,1,7,INVH
2023-06-30,1,1,1,1,1,1,0,0,1,7,INVH
2023-09-30,1,1,0,1,0,1,1,0,0,5,INVH
2022-12-31,1,1,0,1,1,0,0,1,1,6,IQV
2023-03-31,1,1,1,1,1,0,0,0,0,5,IQV
2023-06-30,1,1,1,1,0,1,0,1,1,7,IQV
2023-09-30,1,1,1,1,1,0,0,1,1,7,IQV
2022-12-31,1,1,0,1,1,0,0,1,0,5,IRM
2023-03-31,1,1,0,1,0,0,0,0,1,4,IRM
2023-06-30,1,1,0,1,0,0,0,0,1,4,IRM
2023-09-30,1,1,1,1,0,1,0,1,1,7,IRM
2022-12-31,1,1,0,1,1,0,0,1,0,5,JBHT
2023-03-31,1,1,0,1,1,0,0,1,0,5,JBHT
2023-06-30,1,1,0,1,0,1,0,1,0,5,JBHT
2023-09-30,1,1,0,1,1,0,1,0,0,5,JBHT
2022-12-31,1,1,0,0,0,1,1,0,0,4,JKHY
2023-03-31,1,1,0,0,0,1,1,0,0,4,JKHY
2023-06-30,1,1,1,1,1,0,0,1,0,6,JKHY
2023-09-30,1,1,1,1,0,0,0,1,1,6,JKHY
2022-12-31,1,1,0,1,0,1,1,0,0,5,J
2023-03-31,1,1,1,0,1,1,0,1,1,7,J
2023-06-30,1,1,0,1,1,0,1,0,1,6,J
2023-09-30,1,1,0,1,1,0,0,1,1,6,J
2022-12-31,1,1,0,1,1,0,1,1,0,6,JNJ
2023-03-31,0,1,0,1,0,1,1,0,0,4,JNJ
2023-06-30,1,1,1,0,1,1,1,1,0,7,JNJ
2023-09-30,1,1,1,0,1,1,1,0,1,7,JNJ
2022-12-31,1,0,0,0,0,0,1,1,0,3,JCI
2023-03-31,1,1,1,1,1,1,1,0,1,8,JCI
2023-06-30,1,1,1,0,0,1,1,1,1,7,JCI
2022-12-31,1,1,1,0,1,1,1,1,0,7,JNPR
2023-03-31,1,1,0,1,0,1,1,0,0,5,JNPR
2023-06-30,1,1,0,1,1,0,1,1,1,7,JNPR
2023-09-30,1,1,1,1,1,1,1,1,0,8,JNPR
2022-12-31,0,1,0,1,1,0,1,1,0,5,K
2023-03-31,1,1,1,0,0,1,1,0,1,6,K
2023-06-30,1,1,1,1,1,0,1,1,1,8,K
2023-09-30,1,1,0,1,0,1,1,1,0,6,K
2022-12-31,1,1,0,1,0,1,0,0,0,4,KVUE
2023-03-31,1,1,0,1,1,1,0,1,0,6,KVUE
2023-06-30,1,1,1,1,0,0,0,1,1,6,KVUE
2022-12-31,1,1,1,1,1,0,1,1,1,8,KDP
2023-03-31,1,1,1,0,1,0,1,0,0,5,KDP
2023-06-30,1,1,1,0,1,1,1,1,1,8,KDP
2023-09-30,1,1,1,1,0,0,1,1,1,7,KDP
2023-01-31,1,1,0,1,1,1,1,1,0,7,KEYS
2023-04-30,1,1,1,1,1,1,1,1,0,8,KEYS
2023-07-31,1,1,1,0,1,1,1,0,0,6,KEYS
2023-10-31,1,1,0,1,1,0,1,0,0,5,KEYS
2022-12-31,1,1,1,1,1,0,1,1,0,7,KMB
2023-03-31,1,1,1,1,0,1,1,1,1,8,KMB
2023-06-30,1,1,0,1,0,1,1,1,1,7,KMB
2023-09-30,1,1,1,1,1,0,1,1,1,8,KMB
2022-12-31,0,1,0,1,1,0,1,0,1,5,KIM
2023-03-31,1,1,1,1,1,0,0,1,0,6,KIM
2023-06-30,1,1,0,1,1,1,1,0,1,7,KIM
2023-09-30,1,1,1,1,1,0,1,0,1,7,KIM
2022-12-31,1,1,1,1,1,0,1,1,0,7,KMI
2023-03-31,1,1,1,1,0,1,1,1,0,7,KMI
2023-06-30,1,1,0,1,1,0,1,1,0,6,KMI
2023-09-30,1,1,0,1,1,0,1,0,1,6,KMI
2022-12-31,1,1,0,0,1,0,0,0,1,4,KLAC
2023-03-31,1,1,0,1,1,1,0,0,0,5,KLAC
2023-06-30,1,1,0,1,1,0,0,1,0,5,KLAC
2023-09-30,1,1,1,1,1,0,1,1,1,8,KLAC
2022-12-31,1,1,1,1,1,0,1,1,1,8,KHC
2023-03-31,1,1,0,0,1,1,1,1,0,6,KHC
2023-06-30,1,1,1,1,0,1,1,1,1,8,KHC
2023-09-30,1,1,0,1,0,1,1,1,0,6,KHC
2022-12-31,1,1,1,1,0,1,1,0,1,7,LHX
2023-03-31,1,1,0,1,0,0,1,0,0,4,LHX
2023-06-30,1,1,1,1,1,0,1,0,1,7,LHX
2023-09-30,1,1,0,1,0,0,1,1,0,5,LHX
2022-12-31,1,1,0,1,1,0,1,0,1,6,LH
2023-03-31,1,1,1,0,0,1,1,0,1,6,LH
2023-06-30,1,1,1,1,0,1,1,1,0,7,LH
2023-09-30,1,1,1,1,1,0,1,1,1,8,LH
2022-12-31,1,1,1,0,1,1,1,0,1,7,LRCX
2023-03-31,1,1,0,1,1,1,1,0,0,6,LRCX
2023-06-30,1,1,1,1,0,1,1,1,0,7,LRCX
2023-09-30,1,1,1,1,0,0,1,1,1,7,LRCX
2023-02-28,1,1,1,0,0,1,1,1,0,6,LW
2023-05-31,1,1,1,0,1,0,0,0,1,5,LW
2023-08-31,1,1,0,1,1,0,0,1,0,5,LW
2022-12-31,0,0,1,1,1,0,1,0,1,5,LVS
2023-03-31,1,1,1,1,1,1,1,1,1,9,LVS
2023-06-30,1,1,1,1,0,1,1,1,1,8,LVS
2023-09-30,1,1,1,1,1,0,1,1,1,8,LVS
2022-12-31,1,1,1,0,1,0,1,0,1,6,LDOS
2023-03-31,1,0,0,0,0,1,1,0,0,3,LDOS
2023-06-30,1,1,1,0,0,1,1,1,1,7,LDOS
2023-09-30,0,1,0,1,0,1,1,1,1,6,LDOS
2023-02-28,1,1,0,1,0,1,0,0,0,4,LEN
2023-05-31,1,1,1,0,1,0,0,1,1,6,LEN
2023-08-31,1,1,1,0,1,1,0,1,1,7,LEN
2022-12-31,1,1,0,1,0,1,1,1,0,6,LIN
2023-03-31,1,1,1,1,1,0,1,1,1,8,LIN
2023-06-30,1,1,1,1,0,1,1,1,1,8,LIN
2023-09-30,1,1,1,1,1,1,1,0,1,8,LIN
2022-12-31,0,1,0,1,1,0,0,0,0,3,LYV
2023-03-31,0,1,1,1,0,1,0,1,0,5,LYV
2023-06-30,1,1,1,1,1,0,0,0,1,6,LYV
2023-09-30,1,0,1,0,0,1,0,0,1,4,LYV
2022-12-31,1,1,0,1,0,1,1,0,0,5,LKQ
2023-03-31,1,1,1,0,1,1,1,1,1,8,LKQ
2023-06-30,1,1,0,1,0,1,1,1,0,6,LKQ
2023-09-30,1,1,0,1,0,0,1,0,0,4,LKQ
2022-12-31,1,1,1,1,0,1,1,0,1,7,LMT
2023-03-31,1,1,0,0,1,0,1,1,0,5,LMT
2023-06-30,1,1,0,0,0,1,1,0,1,5,LMT
2023-09-30,1,1,1,1,0,0,1,0,1,6,LMT
2023-01-31,1,1,1,0,0,0,1,0,1,5,LOW
2023-04-30,1,1,1,0,0,1,1,1,0,6,LOW
2023-07-31,1,1,1,1,0,1,1,0,1,7,LOW
2023-10-31,1,1,0,0,0,0,1,1,0,4,LOW
2022-12-31,1,1,0,1,0,1,1,0,0,5,LYB
2023-03-31,1,1,1,1,0,1,1,1,1,8,LYB
2023-06-30,1,1,1,1,1,0,1,1,0,7,LYB
2023-09-30,1,1,1,1,1,1,1,0,1,8,LYB
2022-12-31,1,1,0,1,0,0,1,0,0,4,MRO
2023-03-31,1,1,0,1,0,1,1,0,0,5,MRO
2023-06-30,1,1,0,1,0,1,1,0,0,5,MRO
2023-09-30,1,1,1,1,1,0,1,1,1,8,MRO
2022-12-31,1,1,0,1,1,1,1,1,0,7,MPC
2023-03-31,1,1,0,1,0,1,1,1,0,6,MPC
2023-06-30,1,1,0,1,0,0,1,0,1,5,MPC
2023-09-30,1,1,1,1,1,0,1,1,1,8,MPC
2022-12-31,1,1,1,0,0,0,1,0,1,5,MAR
2023-03-31,1,1,1,1,0,1,1,0,0,6,MAR
2023-06-30,1,1,0,0,0,0,1,1,1,5,MAR
2023-09-30,1,1,1,1,0,1,1,1,0,7,MAR
2022-12-31,1,1,0,1,0,1,1,1,1,7,MMC
2023-03-31,1,0,1,0,1,0,1,1,1,6,MMC
2023-06-30,1,1,0,1,1,0,1,0,0,5,MMC
2023-09-30,1,1,0,1,0,1,1,0,0,5,MMC
2022-12-31,1,1,0,1,1,0,1,0,0,5,MLM
2023-03-31,1,1,0,1,0,1,1,0,0,5,MLM
2023-06-30,1,1,1,1,1,1,1,1,1,9,MLM
2023-09-30,1,1,1,1,1,1,0,1,1,8,MLM
2022-12-31,1,1,0,1,0,1,1,0,0,5,MAS
2023-03-31,1,1,1,0,1,1,1,1,0,7,MAS
2023-06-30,1,1,1,1,0,1,1,1,1,8,MAS
2023-09-30,1,1,0,1,1,1,1,1,0,7,MAS
2022-12-31,1,1,0,1,1,0,1,1,0,6,MA
2023-03-31,1,1,0,0,0,1,1,0,0,4,MA
2023-06-30,1,1,1,0,1,0,1,1,1,7,MA
2023-09-30,1,1,1,1,1,1,1,0,1,8,MA
2022-12-31,1,1,0,1,1,1,0,1,0,6,MTCH
2023-03-31,1,1,1,0,1,1,0,0,0,5,MTCH
2023-06-30,1,1,1,1,1,1,0,1,1,8,MTCH
2023-09-30,1,1,1,1,0,0,1,1,1,7,MTCH
2023-02-28,1,1,0,0,1,1,0,0,0,4,MKC
2023-05-31,1,1,1,1,0,1,0,1,1,7,MKC
2023-08-31,1,1,1,1,1,0,0,0,1,6,MKC
2022-12-31,1,1,0,1,1,0,1,0,0,5,MCD
2023-03-31,1,1,0,1,1,1,1,0,0,6,MCD
2023-06-30,1,1,1,0,0,0,1,1,1,6,MCD
2023-09-30,1,1,0,1,0,1,1,1,0,6,MCD
2022-12-31,1,1,1,1,0,0,1,1,1,7,MCK
2023-03-31,1,1,0,1,1,0,1,0,0,5,MCK
2023-06-30,1,0,1,0,0,1,1,0,1,5,MCK
2023-09-30,1,1,0,1,1,0,1,0,1,6,MCK
2023-01-31,1,1,1,1,0,1,1,0,1,7,MDT
2023-04-30,1,1,0,1,0,1,1,0,1,6,MDT
2023-07-31,1,1,0,1,0,1,1,1,0,6,MDT
2023-10-31,1,1,1,0,1,0,1,0,1,6,MDT
2022-12-31,1,1,0,1,1,1,1,0,0,6,MRK
2023-03-31,1,1,0,0,1,0,1,1,1,6,MRK
2023-06-30,0,1,0,1,0,0,1,1,1,5,MRK
2023-09-30,1,1,1,1,1,1,1,1,1,9,MRK
2022-12-31,1,1,1,1,1,0,0,0,1,6,META
2023-03-31,1,1,1,1,0,0,0,1,0,5,META
2023-06-30,1,1,1,1,0,1,0,1,0,6,META
2023-09-30,1,1,1,1,1,1,1,1,1,9,META
2022-12-31,1,1,1,1,1,1,1,1,1,9,MTD
2023-03-31,1,1,0,0,0,1,1,0,0,4,MTD
2023-06-30,1,1,1,1,0,0,1,1,1,7,MTD
2023-09-30,1,1,0,1,1,0,0,0,0,4,MTD
2022-12-31,1,1,1,1,0,1,1,0,1,7,MGM
2023-03-31,1,1,1,1,1,1,1,1,1,9,MGM
2023-06-30,1,1,0,1,1,0,1,0,1,6,MGM
2023-09-30,1,1,0,1,1,0,1,1,1,7,MGM
2022-12-31,1,1,1,1,0,1,1,1,1,8,MCHP
2023-03-31,1,1,1,1,1,0,1,1,1,8,MCHP
2023-06-30,1,1,1,1,1,1,1,1,1,9,MCHP
2023-09-30,1,1,0,0,1,1,1,0,0,5,MCHP
2023-02-28,0,1,0,1,0,1,1,0,0,4,MU
2023-05-31,0,1,1,1,0,1,0,1,1,6,MU
2023-08-31,0,1,1,1,0,1,1,1,1,7,MU
2022-12-31,1,1,0,0,1,1,0,0,1,5,MSFT
2023-03-31,1,1,1,1,1,0,0,1,0,6,MSFT
2023-06-30,1,1,1,1,1,0,0,1,0,6,MSFT
2023-09-30,1,1,1,1,1,0,0,1,0,6,MSFT
2022-12-31,1,1,1,1,1,0,0,1,1,7,MAA
2023-03-31,1,1,0,1,1,1,1,0,0,6,MAA
2023-06-30,1,1,1,1,1,0,0,0,1,6,MAA
2023-09-30,1,1,0,1,0,1,1,0,1,6,MAA
2022-12-31,1,1,1,1,0,1,1,0,0,6,MHK
2023-03-31,1,1,1,1,0,0,0,1,1,6,MHK
2023-06-30,1,1,1,1,1,0,1,1,1,8,MHK
2023-09-30,0,1,0,1,1,0,1,1,1,6,MHK
2022-12-31,1,0,0,0,0,1,1,1,1,5,MOH
2023-03-31,1,1,1,1,1,0,1,1,0,7,MOH
2023-06-30,1,1,0,1,1,1,1,0,1,7,MOH
2023-09-30,1,1,0,1,1,0,1,0,0,5,MOH
2022-12-31,0,1,0,1,0,1,1,1,0,5,TAP
2023-03-31,1,1,1,0,0,0,1,0,0,4,TAP
2023-06-30,1,1,1,1,1,1,1,1,1,9,TAP
2023-09-30,1,1,1,1,1,0,1,1,1,8,TAP
2022-12-31,1,1,1,1,1,0,1,1,1,8,MDLZ
2023-03-31,1,1,1,0,1,1,1,1,1,8,MDLZ
2023-06-30,1,1,0,0,1,0,1,1,0,5,MDLZ
2023-09-30,1,1,1,1,1,0,1,0,1,7,MDLZ
2022-12-31,1,1,0,1,1,0,1,0,0,5,MCO
2023-03-31,1,1,1,1,1,0,1,1,1,8,MCO
2023-06-30,1,1,0,1,1,1,1,1,1,8,MCO
2023-09-30,1,1,1,1,0,1,1,1,1,8,MCO
2022-12-31,1,1,0,1,1,0,1,0,0,5,MOS
2023-03-31,1,1,0,0,0,0,1,0,0,3,MOS
2023-06-30,1,1,0,1,1,1,1,0,0,6,MOS
2023-09-30,0,1,0,1,0,0,1,0,1,4,MOS
2022-12-31,1,1,1,1,1,0,1,1,1,8,MSI
2023-03-31,1,0,0,0,0,1,1,0,0,3,MSI
2023-06-30,1,1,1,0,0,1,1,1,1,7,MSI
2023-09-30,1,1,1,1,1,0,1,1,1,8,MSI
2022-12-31,1,1,0,1,1,0,1,0,0,5,MSCI
2023-03-31,1,1,1,1,1,1,0,0,1,7,MSCI
2023-06-30,1,1,1,1,0,0,1,1,1,7,MSCI
2023-09-30,1,1,1,1,0,1,0,1,1,7,MSCI
2022-12-31,1,1,0,1,0,1,1,0,1,6,NDAQ
2023-03-31,1,1,1,1,0,1,1,1,0,7,NDAQ
2023-06-30,1,1,0,1,0,1,1,1,0,6,NDAQ
2023-09-30,1,0,1,0,0,1,1,1,1,6,NDAQ
2023-01-31,1,1,0,1,0,0,0,1,0,4,NTAP
2023-04-30,1,1,1,0,1,1,0,1,1,7,NTAP
2023-07-31,1,1,0,1,0,0,1,1,0,5,NTAP
2023-10-31,1,1,1,0,1,0,0,1,1,6,NTAP
2022-12-31,1,1,0,1,0,1,0,0,0,4,NFLX
2023-03-31,1,1,1,1,1,1,0,1,1,8,NFLX
2023-06-30,1,1,1,0,1,1,0,1,0,6,NFLX
2023-09-30,1,1,1,1,0,0,0,0,1,5,NFLX
2022-12-31,0,1,0,1,0,0,1,1,1,5,NEM
2023-03-31,1,1,1,1,0,1,0,1,0,6,NEM
2023-06-30,1,1,0,1,0,0,1,0,1,5,NEM
2023-09-30,1,1,1,1,0,0,1,1,0,6,NEM
2022-12-31,1,1,0,0,1,1,1,1,0,6,NEE
2023-03-31,1,1,1,0,0,1,1,1,1,7,NEE
2023-06-30,1,1,1,1,0,0,1,1,1,7,NEE
2023-09-30,1,1,0,1,1,0,0,0,0,4,NEE
2023-02-28,1,1,0,1,0,1,1,1,0,6,NKE
2023-05-31,1,1,0,1,0,0,1,1,1,6,NKE
2023-08-31,1,0,1,0,0,1,1,1,1,6,NKE
2022-12-31,1,1,1,1,1,0,0,1,1,7,NI
2023-03-31,1,1,1,1,0,1,1,1,1,8,NI
2023-06-30,1,1,0,1,0,0,1,1,0,5,NI
2023-09-30,1,1,1,1,1,0,1,1,0,7,NI
2023-01-31,1,1,0,1,0,1,1,1,0,6,NDSN
2023-04-30,1,1,1,1,1,0,1,1,1,8,NDSN
2023-07-31,1,1,1,1,0,1,1,1,0,7,NDSN
2022-12-31,1,1,0,1,0,0,1,1,0,5,NSC
2023-03-31,1,1,0,1,0,0,1,0,0,4,NSC
2023-06-30,1,1,0,1,1,0,1,0,0,5,NSC
2023-09-30,1,1,1,1,0,1,1,0,0,6,NSC
2022-12-31,1,1,1,1,1,0,1,0,1,7,NOC
2023-03-31,1,0,0,0,0,1,1,1,0,4,NOC
2023-06-30,1,1,0,1,1,0,1,0,0,5,NOC
2023-09-30,1,1,1,1,0,1,1,0,1,7,NOC
2022-12-31,0,1,0,1,0,0,1,0,0,3,NCLH
2023-03-31,0,1,1,1,1,0,0,1,1,6,NCLH
2023-06-30,1,1,1,1,1,1,0,1,1,8,NCLH
2023-09-30,1,1,1,0,0,0,1,1,1,6,NCLH
2022-12-31,0,0,0,0,0,0,1,0,1,2,NRG
2023-03-31,0,0,0,0,0,0,1,0,0,1,NRG
2023-06-30,1,1,1,1,1,1,1,1,0,8,NRG
2023-09-30,1,1,1,1,0,1,1,0,1,7,NRG
2022-12-31,1,1,0,1,1,1,1,0,0,6,NUE
2023-03-31,1,1,0,1,0,1,1,0,1,6,NUE
2023-06-30,1,1,1,1,1,1,1,1,1,9,NUE
2023-09-30,1,1,0,1,1,0,1,0,0,5,NUE
2023-01-31,1,1,1,1,1,1,1,1,1,9,NVDA
2023-04-30,1,1,1,1,1,0,1,1,1,8,NVDA
2023-07-31,1,1,1,1,1,0,1,1,1,8,NVDA
2023-10-31,1,1,1,0,1,1,1,1,1,8,NVDA
2022-12-31,1,1,1,1,1,1,1,1,0,8,NVR
2023-03-31,1,1,0,0,1,1,1,0,0,5,NVR
2023-06-30,1,1,1,0,1,1,1,0,1,7,NVR
2023-09-30,1,0,1,0,1,0,1,0,1,5,NVR
2022-12-31,1,1,0,1,1,1,1,0,0,6,NXPI
2023-03-31,1,1,0,1,1,0,1,0,0,5,NXPI
2023-06-30,1,1,1,1,1,1,1,1,1,9,NXPI
2023-09-30,1,1,1,1,1,1,1,1,1,9,NXPI
2022-12-31,1,1,0,1,1,1,1,0,0,6,ORLY
2023-03-31,1,1,0,1,0,0,1,1,0,5,ORLY
2023-06-30,1,1,1,1,1,0,1,1,1,8,ORLY
2023-09-30,1,1,1,1,0,0,1,1,1,7,ORLY
2022-12-31,1,1,0,1,1,1,1,0,0,6,OXY
2023-03-31,1,1,0,1,0,0,0,0,0,3,OXY
2023-06-30,1,1,0,1,0,0,1,0,0,4,OXY
2023-09-30,1,1,1,1,1,0,1,1,1,8,OXY
2022-12-31,1,1,0,1,1,1,1,0,0,6,ODFL
2023-03-31,1,1,0,1,1,0,1,0,0,5,ODFL
2023-06-30,1,1,1,0,1,0,1,1,0,6,ODFL
2023-09-30,1,0,1,0,1,1,0,1,1,6,ODFL
2022-12-31,1,1,1,1,1,1,1,1,1,9,OMC
2023-03-31,1,0,0,0,0,0,1,0,0,2,OMC
2023-06-30,1,0,1,0,0,1,1,1,1,6,OMC
2023-09-30,1,1,1,1,1,1,1,1,0,8,OMC
2022-12-31,1,1,1,1,1,0,1,1,0,7,ON
2023-03-31,1,1,0,0,1,0,1,0,0,4,ON
2023-06-30,1,1,1,0,1,1,1,1,1,8,ON
2023-09-30,1,1,0,0,1,1,1,0,1,6,ON
2022-12-31,1,1,1,1,0,1,1,1,0,7,OKE
2023-03-31,1,1,1,1,1,1,0,1,0,7,OKE
2023-06-30,1,1,0,1,0,1,1,1,0,6,OKE
2023-09-30,1,1,0,1,1,0,0,1,0,5,OKE
2023-02-28,1,1,1,1,0,1,0,0,0,5,ORCL
2023-05-31,1,1,1,1,1,1,0,1,1,8,ORCL
2023-08-31,1,1,0,1,1,0,0,0,0,4,ORCL
2022-12-31,1,1,0,1,1,0,0,0,0,4,OTIS
2023-03-31,1,1,1,0,0,1,0,1,0,5,OTIS
2023-06-30,1,1,1,1,1,0,0,0,1,6,OTIS
2023-09-30,1,1,0,0,0,1,0,1,0,4,OTIS
2022-12-31,1,1,1,1,0,0,0,1,1,6,PCAR
2023-03-31,1,1,0,0,1,1,0,1,0,5,PCAR
2023-06-30,1,1,1,0,1,1,0,0,0,5,PCAR
2023-09-30,1,1,0,1,0,1,0,1,0,5,PCAR
2022-12-31,1,1,0,1,0,0,1,0,0,4,PKG
2023-03-31,1,1,0,1,1,1,1,0,0,6,PKG
2023-06-30,1,1,1,1,1,1,1,1,0,8,PKG
2022-12-31,1,0,0,0,1,0,1,0,1,4,PARA
2023-03-31,0,0,0,1,0,0,1,0,0,2,PARA
2023-06-30,0,0,1,1,0,1,1,1,1,6,PARA
2023-09-30,1,1,1,1,0,1,1,1,0,7,PARA
2022-12-31,1,1,1,1,1,0,1,0,1,7,PH
2023-03-31,1,1,1,1,1,0,1,1,1,8,PH
2023-06-30,1,1,1,1,1,0,1,1,1,8,PH
2023-09-30,1,1,0,0,1,1,1,1,0,6,PH
2023-02-28,1,1,1,1,1,0,1,1,1,8,PAYX
2023-05-31,1,1,0,1,0,1,1,0,0,5,PAYX
2023-08-31,1,1,1,1,1,0,1,1,0,7,PAYX
2022-12-31,1,1,1,1,1,0,1,1,0,7,PAYC
2023-03-31,1,1,1,1,1,1,1,1,1,9,PAYC
2023-06-30,1,1,0,1,0,1,0,0,0,4,PAYC
2023-09-30,1,1,1,1,0,0,0,0,1,5,PAYC
2022-12-31,1,1,0,1,1,1,1,0,1,7,PYPL
2023-03-31,1,1,0,1,0,1,1,0,0,5,PYPL
2023-06-30,1,0,1,0,0,1,1,0,1,5,PYPL
2023-09-30,1,1,0,1,1,1,1,0,0,6,PYPL
2022-12-31,1,1,0,0,1,1,1,0,0,5,PNR
2023-03-31,1,0,1,0,0,1,1,1,0,5,PNR
2023-06-30,1,1,1,1,1,0,1,0,1,7,PNR
2023-09-30,1,1,0,1,1,1,1,0,0,6,PNR
2022-12-31,1,1,0,1,0,0,1,0,1,5,PEP
2023-03-31,1,0,1,0,0,1,1,1,0,5,PEP
2023-06-30,1,1,1,0,1,0,1,0,1,6,PEP
2023-09-30,1,1,1,1,1,1,1,0,1,8,PEP
2022-12-31,1,1,0,1,1,0,1,0,1,6,PFE
2023-03-31,1,1,1,0,1,1,0,1,0,6,PFE
2023-06-30,1,0,0,0,0,1,1,1,0,4,PFE
2023-09-30,0,1,0,1,0,1,1,0,1,5,PFE
2022-12-31,1,1,1,1,1,0,1,1,0,7,PCG
2023-03-31,1,1,1,1,1,1,1,0,1,8,PCG
2023-06-30,1,1,0,1,0,1,0,1,0,5,PCG
2023-09-30,1,1,0,1,1,0,1,0,1,6,PCG
2022-12-31,1,1,0,1,0,0,1,0,0,4,PM
2023-03-31,1,0,0,0,0,1,1,1,0,4,PM
2023-06-30,1,1,0,1,0,1,1,1,1,7,PM
2023-09-30,1,1,1,1,0,1,1,1,1,8,PM
2022-12-31,1,1,0,1,0,1,1,0,0,5,PSX
2023-03-31,1,1,1,0,0,1,1,1,0,6,PSX
2023-06-30,1,1,0,0,0,0,1,0,1,4,PSX
2023-09-30,1,1,1,1,1,0,1,1,1,8,PSX
2022-12-31,0,1,0,1,0,1,0,0,0,3,PNW
2023-03-31,0,1,1,1,1,1,0,1,0,6,PNW
2023-06-30,1,1,1,1,0,0,0,1,1,6,PNW
2023-09-30,1,1,1,0,1,1,0,1,1,7,PNW
2022-12-31,1,1,0,1,1,0,1,0,0,5,PXD
2023-03-31,1,1,0,1,0,0,1,0,0,4,PXD
2023-06-30,1,1,0,1,0,0,1,0,1,5,PXD
2023-09-30,1,1,1,1,1,1,1,1,1,9,PXD
2022-12-31,1,1,0,1,1,1,1,0,0,6,POOL
2023-03-31,1,1,1,1,1,0,1,1,1,8,POOL
2023-06-30,1,1,1,1,1,1,1,0,1,8,POOL
2023-09-30,1,1,0,1,1,0,1,0,0,5,POOL
2022-12-31,1,1,0,1,0,0,1,1,0,5,PPG
2023-03-31,1,1,1,0,0,1,1,1,0,6,PPG
2023-06-30,1,1,1,1,1,0,1,1,1,8,PPG
2023-09-30,1,1,0,1,1,0,1,0,0,5,PPG
2022-12-31,1,1,1,1,1,0,0,0,1,6,PPL
2023-03-31,1,1,1,1,0,1,1,1,1,8,PPL
2023-06-30,1,1,0,1,0,0,0,1,0,4,PPL
2023-09-30,1,1,1,1,1,0,0,1,1,7,PPL
2022-12-31,1,1,0,0,1,0,1,1,0,5,PG
2023-03-31,1,1,0,1,0,1,1,1,0,6,PG
2023-06-30,1,1,0,1,0,1,1,1,1,7,PG
2023-09-30,1,1,1,1,1,1,1,1,1,9,PG
2022-12-31,1,1,0,1,1,0,0,0,0,4,PLD
2023-03-31,1,1,0,1,0,1,0,0,1,5,PLD
2023-06-30,1,1,1,0,0,0,0,1,1,5,PLD
2023-09-30,1,1,0,1,1,1,0,0,0,5,PLD
2022-12-31,1,1,1,1,0,1,0,1,1,7,PEG
2023-03-31,1,1,1,1,0,1,1,1,1,8,PEG
2023-06-30,1,1,0,0,1,0,0,0,0,3,PEG
2023-09-30,0,1,0,1,0,0,0,0,0,2,PEG
2022-12-31,1,1,0,1,1,1,0,0,0,5,PTC
2023-03-31,1,1,0,1,0,0,1,0,0,4,PTC
2023-06-30,1,1,0,1,1,1,0,0,1,6,PTC
2023-09-30,1,1,0,1,1,1,0,1,0,6,PTC
2022-12-31,1,1,0,1,0,1,1,1,0,6,PSA
2023-03-31,1,1,1,1,0,0,0,0,1,5,PSA
2023-06-30,1,1,1,1,1,0,0,1,1,7,PSA
2023-09-30,1,1,0,1,0,0,0,0,0,3,PSA
2022-12-31,1,1,1,1,1,1,1,0,1,8,PHM
2023-03-31,1,1,0,1,1,1,1,0,0,6,PHM
2023-06-30,1,1,1,1,1,1,1,1,1,9,PHM
2023-09-30,1,1,0,0,1,0,1,0,0,4,PHM
2022-12-31,0,1,0,1,0,1,1,0,0,4,QRVO
2023-03-31,0,1,0,1,0,0,1,0,0,3,QRVO
2023-06-30,0,1,1,1,0,0,1,1,1,6,QRVO
2023-09-30,1,0,1,0,1,1,0,1,1,6,QRVO
2022-12-31,1,1,1,1,1,1,1,0,0,7,PWR
2023-03-31,1,1,0,0,0,1,1,0,0,4,PWR
2023-06-30,1,1,1,0,1,1,1,1,1,8,PWR
2023-09-30,1,0,1,0,1,0,0,1,1,5,PWR
2022-12-31,1,1,0,1,0,1,1,0,0,5,QCOM
2023-03-31,1,1,0,0,0,1,1,0,1,5,QCOM
2023-06-30,1,1,1,1,1,0,0,0,0,5,QCOM
2023-09-30,1,1,0,1,1,0,0,0,0,4,QCOM
2022-12-31,1,1,0,1,0,0,1,0,0,4,DGX
2023-03-31,1,1,1,0,0,1,1,1,1,7,DGX
2023-06-30,1,1,1,1,1,0,1,1,0,7,DGX
2023-09-30,1,1,0,0,0,1,1,0,0,4,DGX
2022-12-31,1,1,1,1,1,1,1,1,1,9,RL
2023-03-31,1,1,0,0,0,1,1,0,0,4,RL
2023-06-30,1,1,1,1,1,0,1,1,0,7,RL
2023-09-30,1,1,1,0,0,0,1,0,1,5,RL
2022-12-31,1,1,1,1,1,0,0,0,1,6,RTX
2023-03-31,1,0,0,0,0,1,0,1,0,3,RTX
2023-06-30,1,1,0,0,1,0,0,0,1,4,RTX
2023-09-30,0,1,0,1,1,0,0,0,0,3,RTX
2022-12-31,1,1,0,1,1,0,0,0,0,4,O
2023-03-31,1,1,0,1,0,1,0,1,1,6,O
2023-06-30,1,1,0,1,0,1,0,0,1,5,O
2023-09-30,1,0,1,0,0,1,0,1,0,4,O
2022-12-31,1,1,1,1,0,0,1,0,1,6,REG
2023-03-31,1,1,1,1,0,0,1,1,1,7,REG
2023-06-30,1,1,0,1,1,1,1,0,0,6,REG
2023-09-30,1,0,0,0,1,0,0,0,0,2,REG
2022-12-31,1,1,0,1,1,1,1,0,1,7,REGN
2023-03-31,1,1,0,1,1,0,1,1,0,6,REGN
2023-06-30,1,1,1,1,1,0,1,1,0,7,REGN
2023-09-30,1,1,0,1,1,0,1,0,1,6,REGN
2022-12-31,1,1,0,1,1,1,1,0,0,6,RSG
2023-03-31,1,1,1,1,0,1,1,1,1,8,RSG
2023-06-30,1,1,1,1,0,1,1,1,1,8,RSG
2023-09-30,1,1,1,1,1,0,1,0,1,7,RSG
2022-12-31,1,1,0,0,0,1,0,0,0,3,RMD
2023-03-31,1,1,1,1,1,0,1,0,1,7,RMD
2023-06-30,1,1,0,1,1,1,1,0,0,6,RMD
2023-09-30,1,1,0,1,1,0,1,0,0,5,RMD
2022-12-31,1,1,1,1,1,1,0,1,1,8,RVTY
2023-03-31,1,1,1,0,1,1,1,0,0,6,RVTY
2023-06-30,1,0,0,0,0,1,1,1,1,5,RVTY
2023-09-30,1,0,0,0,1,0,0,0,1,3,RVTY
2022-12-31,1,1,1,0,1,0,1,0,0,5,ROK
2023-03-31,1,1,0,0,1,1,1,0,1,6,ROK
2023-06-30,1,1,1,0,1,1,1,0,0,6,ROK
2023-09-30,1,1,0,1,0,1,1,1,1,7,ROK
2022-12-31,1,1,0,1,1,0,1,0,0,5,ROL
2023-03-31,1,1,1,1,0,1,0,0,0,5,ROL
2023-06-30,1,1,1,1,0,1,0,1,1,7,ROL
2023-09-30,1,1,1,0,0,1,1,1,1,7,ROL
2022-12-31,1,1,1,0,1,0,1,1,0,6,ROP
2023-03-31,1,1,0,1,1,1,1,0,1,7,ROP
2023-06-30,1,1,1,0,1,1,1,1,1,8,ROP
2023-09-30,1,1,0,1,0,0,1,1,0,5,ROP
2023-01-31,1,1,1,1,1,0,1,0,1,7,ROST
2023-04-30,1,1,0,1,1,0,1,1,0,6,ROST
2023-07-31,1,1,1,1,1,0,1,1,1,8,ROST
2023-10-31,1,1,0,1,1,0,0,0,0,4,ROST
2022-12-31,0,1,0,1,0,1,1,0,0,4,RCL
2023-03-31,0,1,1,1,1,0,0,1,1,6,RCL
2023-06-30,1,1,1,1,1,0,0,1,1,7,RCL
2023-09-30,1,1,1,0,1,0,0,1,1,6,RCL
2022-12-31,1,1,0,1,0,1,1,1,1,7,SPGI
2023-03-31,1,1,1,0,1,0,1,1,1,7,SPGI
2023-06-30,1,1,0,1,0,0,1,1,1,6,SPGI
2023-09-30,1,1,1,1,0,1,0,0,0,5,SPGI
2023-01-31,0,1,0,1,1,0,1,1,0,5,CRM
2023-04-30,1,1,1,1,0,0,1,0,1,6,CRM
2023-07-31,1,1,1,0,1,0,1,1,1,7,CRM
2023-10-31,1,1,0,1,0,1,1,0,1,6,CRM
2022-12-31,1,1,0,1,0,1,1,1,0,6,SBAC
2023-03-31,1,1,0,1,0,1,0,1,0,5,SBAC
2023-06-30,1,1,1,1,1,0,0,1,0,6,SBAC
2023-09-30,1,1,0,1,0,0,1,1,1,6,SBAC
2022-12-31,1,1,1,1,1,0,1,1,1,8,SLB
2023-03-31,1,1,0,0,1,1,1,0,0,5,SLB
2023-06-30,1,1,1,1,0,1,0,1,1,7,SLB
2023-09-30,1,1,1,1,1,1,1,1,1,9,SLB
2022-12-31,0,1,0,1,0,0,0,0,1,3,STX
2023-03-31,0,1,0,1,1,0,0,1,0,4,STX
2023-06-30,0,1,1,1,0,1,1,1,0,6,STX
2023-09-30,0,1,0,1,0,0,0,0,0,2,STX
2022-12-31,1,1,0,1,1,0,1,0,0,5,SEE
2023-03-31,1,1,0,0,0,1,0,0,0,3,SEE
2023-06-30,1,0,1,0,1,1,1,1,1,7,SEE
2023-09-30,1,1,0,1,0,1,1,0,1,6,SEE
2022-12-31,1,0,0,0,1,1,1,0,0,4,SRE
2023-03-31,1,1,1,1,0,0,1,1,1,7,SRE
2023-06-30,1,1,0,1,0,1,1,1,0,6,SRE
2023-09-30,1,1,1,1,1,1,1,0,0,7,SRE
2022-12-31,1,1,1,1,1,0,1,1,0,7,NOW
2023-03-31,1,1,0,1,1,1,1,1,1,8,NOW
2023-06-30,1,1,1,0,1,0,1,0,0,5,NOW
2023-09-30,1,1,0,1,1,0,1,1,1,7,NOW
2022-12-31,1,1,0,1,1,0,0,0,0,4,SHW
2023-03-31,1,1,1,0,1,1,0,1,1,7,SHW
2023-06-30,1,1,1,1,1,1,0,1,1,8,SHW
2023-09-30,1,1,0,1,1,0,0,1,0,5,SHW
2022-12-31,1,1,1,1,0,0,1,1,1,7,SPG
2023-03-31,1,1,0,1,0,1,1,1,0,6,SPG
2023-06-30,1,1,1,1,1,0,1,0,1,7,SPG
2023-09-30,1,1,1,1,1,0,1,1,1,8,SPG
2022-12-31,1,1,1,1,1,1,1,1,0,8,SWKS
2023-03-31,1,1,0,1,1,1,1,0,0,6,SWKS
2023-06-30,1,1,0,1,1,0,0,0,0,4,SWKS
2023-09-30,1,1,1,1,1,1,0,0,1,7,SWKS
2023-01-31,1,1,1,1,0,1,1,1,1,8,SJM
2023-04-30,0,1,0,1,0,1,1,1,1,6,SJM
2023-07-31,1,1,1,1,0,0,1,1,0,6,SJM
2022-12-31,1,1,1,0,1,1,1,1,1,8,SNA
2023-03-31,1,1,1,1,1,1,0,1,1,8,SNA
2023-06-30,1,1,1,1,1,1,1,1,0,8,SNA
2023-09-30,1,1,0,1,1,0,1,0,0,5,SNA
2022-12-31,1,1,0,1,1,0,1,1,0,6,SEDG
2023-03-31,1,1,1,0,1,1,1,1,1,8,SEDG
2023-06-30,1,0,0,0,1,1,1,1,1,6,SEDG
2023-09-30,0,1,0,1,0,1,1,0,0,4,SEDG
2022-12-31,0,1,0,1,1,0,1,0,0,4,SO
2023-03-31,1,1,1,0,0,1,0,1,0,5,SO
2023-06-30,1,1,0,1,0,1,0,1,0,5,SO
2023-09-30,1,1,1,1,0,1,1,1,1,8,SO
2022-12-31,0,1,0,1,1,0,1,0,1,5,LUV
2023-03-31,0,1,1,1,1,0,1,0,0,5,LUV
2023-06-30,1,1,1,1,1,0,1,1,1,8,LUV
2023-09-30,1,1,0,1,1,0,1,0,0,5,LUV
2022-12-31,0,1,0,1,0,1,1,0,0,4,SWK
2023-03-31,0,0,0,0,0,1,1,1,0,3,SWK
2023-06-30,1,1,1,1,0,0,1,1,1,7,SWK
2023-09-30,1,1,0,1,0,1,1,1,0,6,SWK
2022-12-31,1,1,0,1,1,0,1,1,1,7,SBUX
2023-03-31,1,1,1,0,0,1,1,1,0,6,SBUX
2023-06-30,1,1,1,1,1,1,1,1,1,9,SBUX
2023-09-30,1,1,1,1,1,1,1,1,0,8,SBUX
2022-12-31,1,1,0,1,1,1,0,0,0,5,STLD
2023-03-31,1,1,0,1,1,1,1,1,1,8,STLD
2023-06-30,1,1,1,0,1,1,1,1,1,8,STLD
2023-09-30,1,1,0,1,1,0,1,0,0,5,STLD
2022-12-31,1,1,1,1,0,1,1,0,0,6,STE
2023-03-31,1,1,1,1,0,0,1,0,1,6,STE
2023-06-30,1,1,0,1,1,0,0,1,0,5,STE
2023-09-30,1,1,0,1,0,1,0,0,0,4,STE
2022-12-31,1,1,0,1,1,0,1,1,1,7,SYK
2023-03-31,1,1,1,0,0,1,1,1,0,6,SYK
2023-06-30,1,1,1,0,1,0,1,1,1,7,SYK
2023-09-30,1,1,0,1,1,0,1,1,0,6,SYK
2023-01-31,1,1,1,0,1,1,1,1,1,8,SNPS
2023-04-30,1,1,0,1,1,1,1,0,1,7,SNPS
2023-07-31,1,1,1,1,1,1,1,1,1,9,SNPS
2023-10-31,1,1,0,0,1,0,1,0,1,5,SNPS
2022-12-31,1,1,0,1,0,1,1,0,0,5,SYY
2023-03-31,1,1,1,1,1,0,1,1,0,7,SYY
2023-06-30,1,1,1,1,0,1,1,1,1,8,SYY
2023-09-30,1,1,0,0,0,1,1,0,0,4,SYY
2022-12-31,1,1,1,1,0,0,1,1,1,7,TMUS
2023-03-31,1,1,1,1,0,1,1,1,0,7,TMUS
2023-06-30,1,1,1,1,0,1,1,1,0,7,TMUS
2023-09-30,1,1,0,1,0,1,1,0,1,6,TMUS
2022-12-31,0,0,1,1,1,0,1,1,1,6,TTWO
2023-03-31,0,0,0,1,1,0,1,0,1,4,TTWO
2023-06-30,0,1,1,1,0,1,1,1,0,6,TTWO
2023-09-30,0,1,0,1,0,1,1,0,1,5,TTWO
2022-12-31,1,1,1,1,1,1,1,0,1,8,TPR
2023-03-31,1,1,0,0,0,1,1,1,0,5,TPR
2023-06-30,1,1,1,1,1,0,1,0,1,7,TPR
2023-09-30,1,1,0,0,1,1,0,1,0,5,TPR
2022-12-31,1,1,1,1,0,1,1,1,0,7,TRGP
2023-03-31,1,1,1,1,0,0,1,1,1,7,TRGP
2023-06-30,1,1,0,1,0,1,1,1,0,6,TRGP
2023-09-30,1,1,0,1,0,1,1,0,1,6,TRGP
2023-01-31,1,1,1,1,0,1,1,0,1,7,TGT
2023-04-30,1,1,1,1,0,0,1,1,0,6,TGT
2023-07-31,1,1,0,1,1,0,1,1,0,6,TGT
2023-10-31,1,1,1,1,1,1,1,1,0,8,TGT
2022-12-31,1,1,0,1,0,1,1,0,0,5,TEL
2023-03-31,1,1,1,1,0,1,1,0,1,7,TEL
2023-06-30,1,1,1,1,1,1,1,1,0,8,TEL
2023-09-30,1,1,1,1,1,0,1,0,1,7,TEL
2022-12-31,1,1,1,1,1,1,1,1,1,9,TDY
2023-03-31,1,1,0,1,1,1,1,0,0,6,TDY
2023-06-30,1,1,1,1,1,0,1,1,1,8,TDY
2023-09-30,1,1,1,1,1,1,1,0,0,7,TDY
2022-12-31,1,1,0,1,1,1,0,1,1,7,TFX
2023-03-31,1,1,0,1,1,1,0,0,0,5,TFX
2023-06-30,1,1,1,0,1,1,0,0,1,6,TFX
2023-09-30,1,1,1,1,0,1,0,1,0,6,TFX
2022-12-31,1,1,0,1,0,0,1,0,0,4,TER
2023-03-31,1,1,0,0,0,1,1,1,0,5,TER
2023-06-30,1,1,1,1,0,0,1,1,1,7,TER
2023-09-30,1,1,1,1,0,1,0,0,1,6,TER
2022-12-31,1,1,1,0,0,1,1,0,1,6,TSLA
2023-03-31,1,1,0,0,1,1,1,0,0,5,TSLA
2023-06-30,1,1,1,1,1,1,1,0,1,8,TSLA
2023-09-30,1,1,0,1,0,1,1,0,0,5,TSLA
2022-12-31,1,1,0,1,0,0,1,0,0,4,TXN
2023-03-31,1,1,0,0,0,1,1,0,0,4,TXN
2023-06-30,1,1,0,0,0,1,1,0,0,4,TXN
2023-09-30,1,1,0,1,1,0,1,0,0,5,TXN
2022-12-31,1,1,0,1,1,0,1,0,1,6,TXT
2023-03-31,1,1,0,0,1,0,1,1,0,5,TXT
2023-06-30,1,1,1,1,1,0,1,1,1,8,TXT
2023-09-30,1,1,1,0,1,1,1,0,0,6,TXT
2022-12-31,1,1,0,1,1,0,0,0,0,4,TMO
2023-03-31,1,1,0,0,0,0,1,0,0,3,TMO
2023-06-30,1,1,1,1,0,1,1,1,1,8,TMO
2023-09-30,1,1,1,1,0,1,0,1,0,6,TMO
2023-01-31,1,1,0,1,0,1,1,0,1,6,TJX
2023-04-30,1,1,0,0,1,0,1,1,0,5,TJX
2023-07-31,1,1,1,1,1,1,1,1,1,9,TJX
2023-10-31,1,1,1,0,1,0,0,1,0,5,TJX
2022-12-31,1,1,1,1,0,0,0,0,1,5,TSCO
2023-03-31,1,1,0,0,0,1,0,1,0,4,TSCO
2023-06-30,1,1,1,1,0,1,0,1,1,7,TSCO
2023-09-30,1,1,0,0,1,0,1,1,0,5,TSCO
2022-12-31,1,1,0,1,1,0,1,0,0,5,TT
2023-03-31,1,1,0,0,0,1,1,1,0,5,TT
2023-06-30,1,1,1,0,1,0,0,1,1,6,TT
2023-09-30,1,1,1,1,0,1,0,1,1,7,TT
2022-12-31,1,1,0,1,1,1,1,0,0,6,TDG
2023-03-31,1,1,1,0,1,0,1,1,1,7,TDG
2023-06-30,1,1,1,1,0,1,1,1,1,8,TDG
2022-12-31,1,1,0,1,1,1,1,1,0,7,TRMB
2023-03-31,1,1,1,1,0,1,1,1,0,7,TRMB
2023-06-30,1,1,0,1,0,0,1,0,0,4,TRMB
2023-09-30,1,1,1,1,1,1,1,1,0,8,TRMB
2022-12-31,1,1,0,1,1,0,1,0,0,5,TYL
2023-03-31,1,1,1,1,1,0,1,0,1,7,TYL
2023-06-30,1,0,1,0,1,1,1,1,1,7,TYL
2023-09-30,1,1,0,1,1,0,1,1,0,6,TYL
2022-12-31,1,1,0,1,0,0,1,0,0,4,TSN
2023-03-31,0,1,0,1,1,0,1,0,0,4,TSN
2023-06-30,0,1,0,1,0,1,1,1,1,6,TSN
2023-09-30,0,1,0,1,1,0,1,0,1,5,TSN
2022-12-31,1,1,1,1,1,1,0,1,1,8,UDR
2023-03-31,1,1,0,1,0,1,0,0,1,5,UDR
2023-06-30,1,1,1,0,1,1,0,1,1,7,UDR
2023-09-30,1,1,0,1,0,1,1,1,0,6,UDR
2022-12-31,1,1,0,1,1,0,1,0,0,5,UNP
2023-03-31,1,1,0,1,1,0,1,0,0,5,UNP
2023-06-30,1,1,0,1,0,1,1,0,0,5,UNP
2023-09-30,1,1,0,1,1,1,1,1,0,7,UNP
2022-12-31,1,1,0,1,0,0,1,0,0,4,UAL
2023-03-31,0,1,0,1,1,0,1,0,0,4,UAL
2023-06-30,1,1,1,1,1,0,1,1,1,8,UAL
2023-09-30,1,1,1,0,1,0,1,0,1,6,UAL
2022-12-31,1,1,1,0,1,0,1,0,1,6,UPS
2023-03-31,1,1,0,1,0,1,1,0,0,5,UPS
2023-06-30,1,1,1,1,0,0,1,1,0,6,UPS
2023-09-30,0,1,0,0,1,0,1,0,0,3,UPS
2022-12-31,1,1,0,1,0,1,1,1,0,6,URI
2023-03-31,1,1,0,1,0,1,1,0,0,5,URI
2023-06-30,1,1,1,1,1,0,1,1,1,8,URI
2023-09-30,1,1,1,1,1,1,1,1,1,9,URI
2022-12-31,1,0,0,0,0,0,1,1,1,4,UNH
2023-03-31,1,1,1,1,1,1,1,0,0,7,UNH
2023-06-30,1,1,0,1,1,0,1,0,1,6,UNH
2023-09-30,1,1,1,1,1,1,1,1,0,8,UNH
2022-12-31,1,1,0,1,0,1,1,0,1,6,UHS
2023-03-31,1,1,0,1,1,1,1,1,1,8,UHS
2023-06-30,1,1,1,1,1,0,1,1,1,8,UHS
2023-09-30,1,1,0,0,0,1,0,1,0,4,UHS
2022-12-31,1,0,1,0,1,1,1,1,0,6,VLO
2023-03-31,1,1,0,1,0,1,1,1,0,6,VLO
2023-06-30,1,1,0,0,1,1,1,0,0,5,VLO
2023-09-30,1,1,1,1,1,0,1,1,1,8,VLO
2022-12-31,0,1,0,1,0,1,1,0,1,5,VTR
2023-03-31,1,1,1,1,0,0,0,0,1,5,VTR
2023-06-30,1,1,1,1,0,0,0,1,0,5,VTR
2023-09-30,0,0,0,0,0,1,0,0,1,2,VTR
2022-12-31,1,1,1,1,0,0,1,1,1,7,VRSN
2023-03-31,1,1,0,1,1,0,1,0,0,5,VRSN
2023-06-30,1,1,1,0,0,0,1,1,1,6,VRSN
2023-09-30,1,1,1,1,1,0,1,1,1,8,VRSN
2022-12-31,1,1,0,1,0,0,1,1,0,5,VRSK
2023-03-31,1,1,1,1,0,1,1,0,1,7,VRSK
2023-06-30,1,1,1,0,1,1,1,1,1,8,VRSK
2023-09-30,1,1,0,1,1,1,1,1,0,7,VRSK
2022-12-31,1,1,1,1,0,1,1,0,1,7,VZ
2023-03-31,1,1,0,1,0,0,1,1,0,5,VZ
2023-06-30,1,1,0,1,1,0,1,1,0,6,VZ
2023-09-30,1,1,1,1,1,0,1,0,1,7,VZ
2022-12-31,1,1,1,0,0,1,0,1,1,6,VFC
2023-03-31,0,1,0,1,0,1,0,0,0,3,VFC
2023-06-30,0,1,1,1,1,0,0,1,0,5,VFC
2023-09-30,0,0,0,1,0,1,0,0,1,3,VFC
2022-12-31,1,1,1,0,1,0,1,0,0,5,VTRS
2023-03-31,1,1,0,1,0,1,0,1,0,5,VTRS
2023-06-30,1,1,1,1,1,0,1,0,1,7,VTRS
2023-09-30,1,1,1,1,1,1,1,1,1,9,VTRS
2022-12-31,1,1,1,0,1,0,1,0,1,6,VICI
2023-03-31,1,1,0,1,0,0,0,1,1,5,VICI
2023-06-30,1,1,1,0,1,1,0,0,1,6,VICI
2023-09-30,1,1,0,0,1,0,0,1,0,4,VICI
2022-12-31,1,1,1,0,0,0,1,1,1,6,V
2023-03-31,1,1,1,0,1,1,0,0,0,5,V
2023-06-30,1,1,0,1,1,0,0,1,0,5,V
2023-09-30,1,1,1,1,1,0,0,1,1,7,V
2022-12-31,1,1,0,1,0,1,1,0,0,5,VMC
2023-03-31,1,1,1,1,0,1,0,0,0,5,VMC
2023-06-30,1,1,1,0,1,1,1,1,1,8,VMC
2023-09-30,1,1,0,1,1,1,1,0,1,7,VMC
2022-12-31,1,1,0,1,1,0,1,0,1,6,WAB
2023-03-31,1,0,1,0,1,0,1,1,0,5,WAB
2023-06-30,1,1,1,0,0,1,1,0,1,6,WAB
2023-09-30,1,1,1,1,1,1,1,1,1,9,WAB
2023-02-28,1,1,1,1,0,0,1,0,0,5,WBA
2023-05-31,1,0,0,0,0,1,1,0,1,4,WBA
2023-08-31,0,1,0,1,1,0,1,0,1,5,WBA
2023-01-31,1,1,1,1,0,0,1,0,1,6,WMT
2023-04-30,1,1,0,1,0,1,1,1,0,6,WMT
2023-07-31,1,1,1,1,1,1,1,1,1,9,WMT
2023-10-31,1,1,0,1,1,1,1,1,0,7,WMT
2022-12-31,0,1,1,1,0,1,1,0,1,6,WBD
2023-03-31,0,0,1,1,1,0,1,1,0,5,WBD
2023-06-30,0,1,0,1,1,0,1,0,0,4,WBD
2023-09-30,0,1,1,1,0,1,1,1,1,7,WBD
2022-12-31,1,1,0,1,0,0,1,0,0,4,WM
2023-03-31,1,1,1,1,0,1,1,0,0,6,WM
2023-06-30,1,1,1,1,1,0,1,1,1,8,WM
2023-09-30,1,1,1,1,0,1,1,1,1,8,WM
2022-12-31,1,1,1,0,1,1,1,1,1,8,WAT
2023-03-31,1,1,0,1,1,0,0,0,0,4,WAT
2023-06-30,1,1,0,0,0,1,1,1,0,5,WAT
2023-09-30,1,1,0,1,0,0,0,0,0,3,WAT
2022-12-31,1,1,0,0,1,0,1,0,1,5,WEC
2023-03-31,1,1,1,1,0,1,1,1,1,8,WEC
2023-06-30,1,1,0,1,1,0,1,1,0,6,WEC
2023-09-30,1,1,1,1,0,0,1,0,1,6,WEC
2022-12-31,0,1,1,1,1,1,0,1,1,7,WELL
2023-03-31,1,1,1,1,0,1,0,1,1,7,WELL
2023-06-30,1,1,1,1,0,1,0,1,1,7,WELL
2023-09-30,1,0,1,0,1,1,0,0,0,4,WELL
2022-12-31,1,1,0,1,1,0,1,0,0,5,WST
2023-03-31,1,1,1,0,1,0,1,1,0,6,WST
2023-06-30,1,1,1,1,0,1,1,1,1,8,WST
2023-09-30,1,1,1,1,1,1,1,0,0,7,WST
2022-12-31,0,1,0,1,0,1,1,0,0,4,WDC
2023-03-31,0,0,0,1,1,0,1,0,0,3,WDC
2023-06-30,0,0,0,1,0,0,1,0,0,2,WDC
2023-09-30,0,0,1,1,0,0,0,1,1,4,WDC
2022-12-31,1,1,0,1,0,0,1,0,0,4,WRK
2023-03-31,0,1,0,1,0,1,0,1,1,5,WRK
2023-06-30,1,1,1,1,1,0,1,1,0,7,WRK
2023-09-30,1,1,0,1,1,0,0,0,0,4,WRK
2022-12-31,1,1,0,1,1,0,1,0,0,5,WY
2023-03-31,1,1,1,0,0,0,1,0,1,5,WY
2023-06-30,1,1,1,1,0,1,1,1,1,8,WY
2023-09-30,1,1,1,1,1,1,1,1,1,9,WY
2022-12-31,0,1,0,1,0,0,1,0,1,4,WHR
2023-03-31,0,0,1,0,0,0,1,1,0,3,WHR
2023-06-30,1,1,1,1,1,0,1,1,1,8,WHR
2023-09-30,1,1,0,0,1,0,1,0,1,5,WHR
2022-12-31,1,1,1,1,1,0,1,1,0,7,WMB
2023-03-31,1,1,1,1,0,0,0,1,1,6,WMB
2023-06-30,1,1,0,1,1,0,1,0,0,5,WMB
2023-09-30,1,1,1,1,0,1,1,0,0,6,WMB
2022-12-31,1,1,1,0,1,1,1,1,1,8,WTW
2023-03-31,1,1,0,0,1,0,1,0,0,4,WTW
2023-06-30,1,1,0,1,0,0,1,0,1,5,WTW
2023-09-30,1,1,1,1,0,0,1,1,1,7,WTW
2022-12-31,1,1,0,0,1,0,1,1,0,5,GWW
2023-03-31,1,1,1,0,1,1,1,1,1,8,GWW
2023-06-30,1,1,0,0,1,1,1,0,0,5,GWW
2023-09-30,1,1,0,1,1,1,1,1,0,7,GWW
2022-12-31,1,1,1,1,1,1,0,0,0,6,WYNN
2023-03-31,1,1,0,1,0,1,0,1,1,6,WYNN
2023-06-30,1,1,1,1,1,1,0,0,1,7,WYNN
2022-12-31,1,1,0,1,1,0,0,0,0,4,XEL
2023-03-31,1,1,1,1,0,0,0,1,1,6,XEL
2023-06-30,1,1,0,1,0,1,0,1,0,5,XEL
2023-09-30,1,1,1,1,0,1,0,1,1,7,XEL
2022-12-31,1,1,1,1,0,1,1,1,1,8,XYL
2023-03-31,1,0,0,0,0,1,1,0,0,3,XYL
2023-06-30,1,1,0,0,1,0,0,1,0,4,XYL
2023-09-30,1,1,1,1,0,1,1,0,1,7,XYL
2022-12-31,1,1,1,1,1,0,1,0,1,7,YUM
2023-03-31,1,1,0,1,0,1,1,1,0,6,YUM
2023-06-30,1,1,1,0,1,1,0,1,1,7,YUM
2023-09-30,1,1,0,1,1,1,0,0,0,5,YUM
2022-12-31,1,1,1,1,1,0,1,1,1,8,ZBRA
2023-03-31,1,0,0,0,0,1,1,1,0,4,ZBRA
2023-06-30,1,0,0,0,0,1,1,1,0,4,ZBRA
2023-09-30,0,0,0,0,0,1,1,0,0,2,ZBRA
2022-12-31,0,1,0,1,1,0,1,1,1,6,ZBH
2023-03-31,1,1,1,1,0,1,0,1,0,6,ZBH
2023-06-30,1,1,0,1,1,1,1,0,1,7,ZBH
2023-09-30,1,1,0,1,1,1,0,0,0,5,ZBH
2022-12-31,1,1,0,1,0,1,1,0,0,5,ZTS
2023-03-31,1,1,1,0,0,1,1,1,1,7,ZTS
2023-06-30,1,1,1,0,1,1,1,1,1,8,ZTS
2023-09-30,1,1,0,1,1,1,1,0,0,6,ZTS
